Turarjoy turi,Xonalar soni,Umumiy maydon,Qavati,Uy qavatliligi,Mebelli,Tuman,Narx
Ikkilamchi bozor,4,95,2,9,Ha,Yunusobod,165
Yangi qurilgan uylar,3,76,8,10,Ha,Mirzo-Ulug‘bek,185
Yangi qurilgan uylar,3,74,8,11,Ha,Mirzo-Ulug‘bek,184
Yangi qurilgan uylar,2,52,11,12,Yoʻq,Shayxontohur,56
Yangi qurilgan uylar,2,70,40,48,Yoʻq,Yakkasaroy,170
Ikkilamchi bozor,1,39,4,5,Ha,Yakkasaroy,51
Yangi qurilgan uylar,3,65,2,9,Ha,Mirzo-Ulug‘bek,116
Yangi qurilgan uylar,3,87.01,8,12,Yoʻq,Yunusobod,124
Yangi qurilgan uylar,3,127,20,26,Yoʻq,Yakkasaroy,340
Ikkilamchi bozor,4,75,4,4,Ha,Shayxontohur,108
Ikkilamchi bozor,1,18.50,1,4,Ha,Mirzo-Ulug‘bek,25
Yangi qurilgan uylar,3,87,5,12,Ha,Yakkasaroy,155
Yangi qurilgan uylar,3,72,6,8,Ha,Sirg‘ali,80
Ikkilamchi bozor,3,75,1,7,Ha,Yashnobod,148
Ikkilamchi bozor,3,80,4,9,Yoʻq,Sirg‘ali,75
Yangi qurilgan uylar,2,42,3,10,Ha,Yakkasaroy,78
Yangi qurilgan uylar,1,33,8,11,Ha,Mirzo-Ulug‘bek,58
Ikkilamchi bozor,3,123,1,12,Ha,Mirobod,260
Yangi qurilgan uylar,1,53.50,7,8,Yoʻq,Yashnobod,29
Ikkilamchi bozor,2,48,2,4,Yoʻq,Mirzo-Ulug‘bek,49
Yangi qurilgan uylar,1,29.74,2,16,Yoʻq,Mirobod,45
Yangi qurilgan uylar,4,108,3,10,Ha,Yashnobod,155
Yangi qurilgan uylar,2,48,5,9,Ha,Yunusobod,78
Yangi qurilgan uylar,2,50,8,8,Ha,Mirzo-Ulug‘bek,77
Ikkilamchi bozor,3,71,5,5,Ha,Chilonzor,68
Yangi qurilgan uylar,3,92,9,10,Ha,Chilonzor,165
Yangi qurilgan uylar,2,60,12,12,Yoʻq,Shayxontohur,73
Yangi qurilgan uylar,3,80,8,12,Yoʻq,Mirobod,224
Ikkilamchi bozor,3,72,3,5,Yoʻq,Yashnobod,85
Ikkilamchi bozor,3,70,1,4,Ha,Yakkasaroy,138
Yangi qurilgan uylar,2,60,13,14,Yoʻq,Yakkasaroy,82
Yangi qurilgan uylar,3,92,9,9,Yoʻq,Mirzo-Ulug‘bek,736
Yangi qurilgan uylar,1,37,9,10,Yoʻq,Mirzo-Ulug‘bek,50
Yangi qurilgan uylar,3,92,5,7,Ha,Yashnobod,110
Yangi qurilgan uylar,3,66,3,8,Ha,Chilonzor,85
Ikkilamchi bozor,2,69,36,48,Yoʻq,Yakkasaroy,199
Ikkilamchi bozor,1,29,2,4,Ha,Mirzo-Ulug‘bek,46
Ikkilamchi bozor,4,100,5,9,Yoʻq,Mirobod,116
Ikkilamchi bozor,2,52,4,4,Ha,Mirzo-Ulug‘bek,107
Yangi qurilgan uylar,3,74,7,11,Yoʻq,Mirzo-Ulug‘bek,107
Yangi qurilgan uylar,1,29,13,14,Yoʻq,Yakkasaroy,45
Yangi qurilgan uylar,5,124,7,10,Yoʻq,Yakkasaroy,118
Ikkilamchi bozor,3,64,1,4,Yoʻq,Olmazor,76
Ikkilamchi bozor,2,46,2,4,Ha,Chilonzor,69
Ikkilamchi bozor,4,75,2,4,Yoʻq,Sirg‘ali,75
Ikkilamchi bozor,3,72,4,4,Ha,Chilonzor,85
Ikkilamchi bozor,2,65,4,9,Yoʻq,Mirzo-Ulug‘bek,66
Ikkilamchi bozor,1,30,1,4,Yoʻq,Yakkasaroy,46
Yangi qurilgan uylar,6,194,4,7,Ha,Mirzo-Ulug‘bek,595
Yangi qurilgan uylar,3,78,1,3,Ha,Sirg‘ali,64
Yangi qurilgan uylar,3,80,8,12,Yoʻq,Yunusobod,100
Ikkilamchi bozor,1,24,1,4,Yoʻq,Mirobod,30
Ikkilamchi bozor,3,80,2,5,Ha,Mirobod,125
Ikkilamchi bozor,3,78,7,9,Yoʻq,Chilonzor,85
Yangi qurilgan uylar,2,58,8,10,Ha,Yakkasaroy,94
Yangi qurilgan uylar,1,33,4,6,Yoʻq,Yashnobod,30
Yangi qurilgan uylar,1,34,7,7,Ha,Mirzo-Ulug‘bek,79
Yangi qurilgan uylar,1,36,8,11,Yoʻq,Yunusobod,37
Yangi qurilgan uylar,1,25,1,12,Yoʻq,Yashnobod,44
Ikkilamchi bozor,4,96,2,5,Ha,Olmazor,98
Yangi qurilgan uylar,2,54,9,10,Yoʻq,Yashnobod,35
Ikkilamchi bozor,1,18,1,1,Ha,Mirobod,26
Ikkilamchi bozor,2,50.46,4,4,Ha,Yunusobod,67
Ikkilamchi bozor,2,49,5,9,Ha,Yakkasaroy,56
Yangi qurilgan uylar,3,67.20,12,16,Yoʻq,Yakkasaroy,87
Yangi qurilgan uylar,2,66,9,9,Yoʻq,Mirzo-Ulug‘bek,105
Yangi qurilgan uylar,3,103,7,10,Ha,Mirzo-Ulug‘bek,128
Yangi qurilgan uylar,3,96,3,6,Ha,Mirobod,170
Yangi qurilgan uylar,5,120,8,9,Ha,Shayxontohur,145
Ikkilamchi bozor,3,78,1,4,Ha,Mirobod,73
Yangi qurilgan uylar,3,78,15,17,Yoʻq,Yunusobod,110
Ikkilamchi bozor,2,50,4,4,Yoʻq,Yunusobod,50
Ikkilamchi bozor,3,67,3,4,Yoʻq,Mirzo-Ulug‘bek,70
Ikkilamchi bozor,4,73,2,4,Ha,Mirzo-Ulug‘bek,165
Yangi qurilgan uylar,3,113,5,9,Ha,Yunusobod,165
Yangi qurilgan uylar,1,34,2,3,Yoʻq,Sirg‘ali,33
Yangi qurilgan uylar,3,70,4,5,Ha,Mirobod,88
Ikkilamchi bozor,2,48,1,4,Ha,Mirzo-Ulug‘bek,58
Yangi qurilgan uylar,1,37,8,9,Ha,Yashnobod,55
Yangi qurilgan uylar,2,50,2,8,Ha,Mirzo-Ulug‘bek,78
Ikkilamchi bozor,3,75,2,4,Yoʻq,Mirobod,125
Ikkilamchi bozor,2,66,4,4,Yoʻq,Yunusobod,68
Ikkilamchi bozor,2,55,5,5,Ha,Mirzo-Ulug‘bek,70
Yangi qurilgan uylar,2,52,16,16,Yoʻq,Sirg‘ali,44
Ikkilamchi bozor,2,45,7,8,Ha,Shayxontohur,190
Yangi qurilgan uylar,3,104,8,9,Ha,Yashnobod,165
Yangi qurilgan uylar,8,310,10,16,Yoʻq,Mirobod,730
Yangi qurilgan uylar,1,30,13,14,Ha,Yakkasaroy,65
Ikkilamchi bozor,3,86,5,5,Ha,Mirobod,100
Yangi qurilgan uylar,2,50,5,8,Ha,Yunusobod,64
Ikkilamchi bozor,2,60,2,4,Ha,Mirzo-Ulug‘bek,99
Yangi qurilgan uylar,2,70,6,6,Ha,Mirobod,260
Ikkilamchi bozor,1,36,4,4,Yoʻq,Yunusobod,33
Ikkilamchi bozor,3,72,6,9,Ha,Mirobod,66
Yangi qurilgan uylar,1,32,2,16,Yoʻq,Sirg‘ali,32
Yangi qurilgan uylar,1,38.70,7,8,Yoʻq,Yashnobod,21
Ikkilamchi bozor,4,72,1,4,Ha,Mirzo-Ulug‘bek,107
Ikkilamchi bozor,4,94,8,9,Yoʻq,Sirg‘ali,75
Ikkilamchi bozor,3,70,5,9,Ha,Mirzo-Ulug‘bek,69
Yangi qurilgan uylar,2,49,1,10,Ha,Bektemir,32
Yangi qurilgan uylar,4,91,10,11,Yoʻq,Mirzo-Ulug‘bek,105
Yangi qurilgan uylar,3,70,6,10,Ha,Mirzo-Ulug‘bek,93
Yangi qurilgan uylar,1,30,14,14,Ha,Yakkasaroy,62
Ikkilamchi bozor,3,74,2,4,Ha,Shayxontohur,100
Yangi qurilgan uylar,2,60,12,12,Yoʻq,Shayxontohur,74
Yangi qurilgan uylar,3,78,4,10,Yoʻq,Yakkasaroy,102
Ikkilamchi bozor,4,101,6,9,Yoʻq,Mirobod,130
Yangi qurilgan uylar,3,110,12,16,Ha,Yunusobod,97
Yangi qurilgan uylar,2,91,4,7,Yoʻq,Mirobod,90
Ikkilamchi bozor,2,82,4,4,Yoʻq,Mirobod,137
Ikkilamchi bozor,3,70,1,4,Ha,Yakkasaroy,138
Yangi qurilgan uylar,2,45,7,23,Yoʻq,Shayxontohur,107
Ikkilamchi bozor,2,60,3,9,Yoʻq,Yunusobod,55
Ikkilamchi bozor,2,48,2,4,Yoʻq,Mirzo-Ulug‘bek,48
Yangi qurilgan uylar,1,22,5,17,Yoʻq,Yakkasaroy,27
Ikkilamchi bozor,6,140,5,9,Ha,Yashnobod,115
Yangi qurilgan uylar,3,80,8,12,Ha,Olmazor,120
Yangi qurilgan uylar,2,50,3,9,Yoʻq,Mirzo-Ulug‘bek,60
Yangi qurilgan uylar,1,40,8,9,Ha,Yashnobod,53
Yangi qurilgan uylar,2,63,8,13,Yoʻq,Yakkasaroy,65
Ikkilamchi bozor,1,36,3,4,Ha,Chilonzor,59
Yangi qurilgan uylar,3,173,8,8,Ha,Yakkasaroy,180
Ikkilamchi bozor,2,64,4,9,Yoʻq,Yunusobod,66
Ikkilamchi bozor,1,40,7,9,Ha,Yashnobod,42
Ikkilamchi bozor,2,57,1,4,Ha,Yakkasaroy,130
Yangi qurilgan uylar,3,88,6,8,Ha,Yakkasaroy,178
Yangi qurilgan uylar,1,43,7,15,Ha,Yashnobod,159
Yangi qurilgan uylar,2,30,8,14,Ha,Yakkasaroy,65
Ikkilamchi bozor,4,96,1,5,Ha,Yunusobod,110
Yangi qurilgan uylar,2,48,7,9,Yoʻq,Yashnobod,76
Yangi qurilgan uylar,3,120,7,10,Ha,Yakkasaroy,175
Ikkilamchi bozor,3,59,4,4,Yoʻq,Yashnobod,57
Yangi qurilgan uylar,2,50,5,10,Ha,Chilonzor,75
Yangi qurilgan uylar,3,85,1,7,Yoʻq,Yakkasaroy,130
Yangi qurilgan uylar,3,91,7,8,Ha,Yashnobod,105
Yangi qurilgan uylar,2,50,2,12,Ha,Yunusobod,65
Yangi qurilgan uylar,2,85,8,10,Ha,Yashnobod,105
Ikkilamchi bozor,1,38,1,4,Ha,Mirzo-Ulug‘bek,52
Yangi qurilgan uylar,3,65,2,9,Ha,Mirzo-Ulug‘bek,87
Yangi qurilgan uylar,3,106,2,10,Ha,Mirzo-Ulug‘bek,197
Ikkilamchi bozor,1,35,3,4,Ha,Mirzo-Ulug‘bek,65
Yangi qurilgan uylar,2,60,6,10,Ha,Yakkasaroy,89
Yangi qurilgan uylar,3,70,4,4,Ha,Yunusobod,110
Ikkilamchi bozor,2,60,4,9,Ha,Yunusobod,81
Yangi qurilgan uylar,2,62,2,7,Ha,Yashnobod,83
Yangi qurilgan uylar,2,55,5,8,Ha,Yakkasaroy,135
Yangi qurilgan uylar,3,74.57,14,14,Yoʻq,Mirzo-Ulug‘bek,94
Ikkilamchi bozor,3,68.40,3,4,Yoʻq,Chilonzor,72
Ikkilamchi bozor,3,70,1,4,Ha,Yakkasaroy,138
Ikkilamchi bozor,3,105,5,5,Ha,Shayxontohur,140
Ikkilamchi bozor,2,46,2,4,Ha,Chilonzor,68
Yangi qurilgan uylar,2,44,8,10,Ha,Yakkasaroy,90
Yangi qurilgan uylar,3,88,6,9,Ha,Yakkasaroy,177
Ikkilamchi bozor,2,56,2,4,Ha,Yakkasaroy,109
Ikkilamchi bozor,2,61,4,5,Ha,Sirg‘ali,53
Yangi qurilgan uylar,2,52.40,5,8,Yoʻq,Yashnobod,28
Ikkilamchi bozor,2,60,2,4,Yoʻq,Chilonzor,73
Yangi qurilgan uylar,2,50,2,12,Ha,Yunusobod,65
Yangi qurilgan uylar,4,134,7,10,Yoʻq,Yakkasaroy,153
Yangi qurilgan uylar,3,69,3,10,Ha,Shayxontohur,116
Ikkilamchi bozor,3,65,5,9,Ha,Mirobod,155
Yangi qurilgan uylar,3,92,8,10,Yoʻq,Yashnobod,115
Yangi qurilgan uylar,3,76,7,9,Ha,Mirzo-Ulug‘bek,130
Yangi qurilgan uylar,4,339,8,8,Ha,Yashnobod,470
Ikkilamchi bozor,2,68,11,12,Yoʻq,Uchtepa,55
Ikkilamchi bozor,3,69,3,4,Ha,Yunusobod,135
Ikkilamchi bozor,3,56,7,7,Yoʻq,Sirg‘ali,53
Ikkilamchi bozor,2,45,2,4,Yoʻq,Yunusobod,52
Ikkilamchi bozor,2,42,2,2,Ha,Sirg‘ali,34
Ikkilamchi bozor,2,50,1,4,Yoʻq,Yashnobod,51
Yangi qurilgan uylar,2,7,7,13,Ha,Yakkasaroy,155
Ikkilamchi bozor,2,62,4,5,Ha,Yunusobod,70
Ikkilamchi bozor,2,48,3,4,Ha,Chilonzor,66
Ikkilamchi bozor,3,75,5,9,Ha,Mirzo-Ulug‘bek,80
Yangi qurilgan uylar,3,89,8,10,Ha,Yakkasaroy,155
Yangi qurilgan uylar,6,226,6,12,Ha,Yunusobod,105
Yangi qurilgan uylar,2,51,6,9,Ha,Mirobod,90
Yangi qurilgan uylar,2,53,2,2,Ha,Mirzo-Ulug‘bek,47
Ikkilamchi bozor,1,33,4,5,Ha,Yakkasaroy,75
Ikkilamchi bozor,3,72,2,4,Ha,Bektemir,59
Yangi qurilgan uylar,2,49,5,5,Ha,Yashnobod,62
Yangi qurilgan uylar,2,51,2,10,Ha,Yunusobod,69
Yangi qurilgan uylar,3,90,3,8,Yoʻq,Yashnobod,55
Ikkilamchi bozor,2,41,6,9,Yoʻq,Mirzo-Ulug‘bek,33
Yangi qurilgan uylar,4,106,7,10,Ha,Mirzo-Ulug‘bek,220
Yangi qurilgan uylar,3,115,5,8,Ha,Mirzo-Ulug‘bek,148
Ikkilamchi bozor,1,36.20,4,4,Yoʻq,Yakkasaroy,41
Yangi qurilgan uylar,2,67,2,14,Yoʻq,Mirzo-Ulug‘bek,105
Ikkilamchi bozor,2,46,4,4,Ha,Chilonzor,54
Yangi qurilgan uylar,1,32,8,12,Ha,Chilonzor,61
Ikkilamchi bozor,2,50,4,5,Yoʻq,Yashnobod,60
Yangi qurilgan uylar,3,85,3,10,Ha,Yunusobod,180
Yangi qurilgan uylar,3,75,8,10,Yoʻq,Shayxontohur,85
Yangi qurilgan uylar,2,55,44,48,Yoʻq,Yakkasaroy,170
Yangi qurilgan uylar,2,71,3,16,Yoʻq,Yashnobod,168
Yangi qurilgan uylar,2,46,6,10,Ha,Yakkasaroy,77
Yangi qurilgan uylar,2,58,16,14,Yoʻq,Yashnobod,512
Ikkilamchi bozor,3,67,3,4,Yoʻq,Mirzo-Ulug‘bek,63
Ikkilamchi bozor,2,65,4,4,Ha,Bektemir,47
Ikkilamchi bozor,2,41,4,4,Yoʻq,Yakkasaroy,57
Ikkilamchi bozor,2,56,4,4,Yoʻq,Chilonzor,52
Yangi qurilgan uylar,3,85,3,10,Ha,Yunusobod,180
Yangi qurilgan uylar,3,90,4,10,Ha,Yakkasaroy,145
Ikkilamchi bozor,3,56,2,4,Ha,Yunusobod,51
Yangi qurilgan uylar,2,65,3,9,Ha,Yashnobod,83
Yangi qurilgan uylar,4,100,41,48,Yoʻq,Yakkasaroy,325
Yangi qurilgan uylar,4,82,2,8,Ha,Mirzo-Ulug‘bek,140
Yangi qurilgan uylar,4,140,12,13,Ha,Yakkasaroy,240
Yangi qurilgan uylar,3,87,5,12,Ha,Yakkasaroy,155
Yangi qurilgan uylar,1,28.10,10,12,Yoʻq,Shayxontohur,34
Yangi qurilgan uylar,1,30,3,51,Yoʻq,Shayxontohur,100
Ikkilamchi bozor,2,71,6,9,Yoʻq,Sirg‘ali,60
Ikkilamchi bozor,4,80,3,4,Yoʻq,Yashnobod,78
Ikkilamchi bozor,2,50,3,5,Yoʻq,Mirzo-Ulug‘bek,58
Ikkilamchi bozor,2,40,2,9,Yoʻq,Mirzo-Ulug‘bek,36
Ikkilamchi bozor,1,20,2,4,Yoʻq,Yashnobod,22
Ikkilamchi bozor,2,50,4,4,Ha,Yashnobod,60
Ikkilamchi bozor,3,70,1,5,Ha,Chilonzor,67
Yangi qurilgan uylar,3,83,6,10,Yoʻq,Yakkasaroy,90
Yangi qurilgan uylar,3,83,8,10,Ha,Yakkasaroy,175
Yangi qurilgan uylar,2,59,31,48,Yoʻq,Yakkasaroy,180
Ikkilamchi bozor,3,70,9,9,Ha,Chilonzor,70
Yangi qurilgan uylar,2,55,38,51,Yoʻq,Shayxontohur,178
Yangi qurilgan uylar,3,84,8,8,Yoʻq,Yunusobod,65
Yangi qurilgan uylar,3,87,3,4,Yoʻq,Yunusobod,120
Yangi qurilgan uylar,1,30,1,9,Ha,Sirg‘ali,41
Ikkilamchi bozor,4,65,2,9,Yoʻq,Yunusobod,90
Yangi qurilgan uylar,2,45,7,9,Yoʻq,Yashnobod,45
Ikkilamchi bozor,3,70,12,13,Ha,Olmazor,85
Yangi qurilgan uylar,2,54,4,12,Yoʻq,Mirzo-Ulug‘bek,82
Yangi qurilgan uylar,4,432,9,11,Yoʻq,Mirobod,1
Yangi qurilgan uylar,2,35,8,10,Ha,Yakkasaroy,71
Yangi qurilgan uylar,2,51,2,12,Ha,Yunusobod,64
Ikkilamchi bozor,2,50,3,4,Ha,Yashnobod,58
Yangi qurilgan uylar,3,97,5,10,Ha,Yunusobod,195
Yangi qurilgan uylar,2,73,8,9,Ha,Mirzo-Ulug‘bek,105
Ikkilamchi bozor,4,109,4,5,Ha,Yunusobod,103
Yangi qurilgan uylar,2,40,8,9,Ha,Yashnobod,59
Ikkilamchi bozor,2,55,2,4,Ha,Mirzo-Ulug‘bek,77
Yangi qurilgan uylar,3,70,9,10,Ha,Mirzo-Ulug‘bek,117
Yangi qurilgan uylar,3,70,10,10,Ha,Yunusobod,138
Yangi qurilgan uylar,3,105,9,10,Ha,Yashnobod,145
Yangi qurilgan uylar,2,51,5,9,Yoʻq,Mirobod,93
Yangi qurilgan uylar,1,49,8,11,Ha,Yakkasaroy,82
Yangi qurilgan uylar,2,56,11,11,Yoʻq,Yashnobod,53
Ikkilamchi bozor,2,64,6,9,Yoʻq,Chilonzor,98
Yangi qurilgan uylar,4,105,6,14,Ha,Mirobod,370
Ikkilamchi bozor,2,50,4,5,Ha,Mirzo-Ulug‘bek,65
Yangi qurilgan uylar,2,78,22,25,Yoʻq,Mirzo-Ulug‘bek,125
Ikkilamchi bozor,4,93,1,5,Yoʻq,Mirzo-Ulug‘bek,110
Yangi qurilgan uylar,3,100,7,8,Ha,Yashnobod,129
Ikkilamchi bozor,2,54,3,5,Ha,Chilonzor,73
Ikkilamchi bozor,3,57,1,4,Ha,Shayxontohur,60
Yangi qurilgan uylar,2,53,7,16,Yoʻq,Sirg‘ali,17
Ikkilamchi bozor,3,54,1,2,Ha,Olmazor,55
Ikkilamchi bozor,3,76,1,5,Ha,Shayxontohur,108
Ikkilamchi bozor,2,55,3,16,Yoʻq,Sirg‘ali,50
Ikkilamchi bozor,3,72,4,9,Yoʻq,Uchtepa,78
Yangi qurilgan uylar,2,74,1,12,Ha,Chilonzor,105
Yangi qurilgan uylar,3,74,3,7,Ha,Chilonzor,91
Yangi qurilgan uylar,4,131.40,5,11,Yoʻq,Shayxontohur,130
Ikkilamchi bozor,2,68,1,12,Ha,Yashnobod,55
Ikkilamchi bozor,4,90,8,9,Ha,Mirobod,158
Ikkilamchi bozor,3,65,3,9,Ha,Bektemir,70
Yangi qurilgan uylar,2,50,7,9,Ha,Yashnobod,75
Ikkilamchi bozor,2,62,7,9,Ha,Yunusobod,65
Ikkilamchi bozor,3,134,4,4,Ha,Yashnobod,115
Ikkilamchi bozor,2,60,9,9,Yoʻq,Mirzo-Ulug‘bek,50
Ikkilamchi bozor,1,45,3,4,Ha,Yunusobod,65
Yangi qurilgan uylar,2,50,2,12,Yoʻq,Yunusobod,69
Ikkilamchi bozor,2,52,4,4,Yoʻq,Chilonzor,52
Yangi qurilgan uylar,1,28,4,9,Ha,Yashnobod,45
Yangi qurilgan uylar,2,55,2,9,Ha,Chilonzor,99
Yangi qurilgan uylar,3,87,8,9,Ha,Yunusobod,143
Yangi qurilgan uylar,3,92,11,12,Yoʻq,Yakkasaroy,87
Ikkilamchi bozor,5,155,2,4,Ha,Olmazor,200
Yangi qurilgan uylar,3,92,3,8,Ha,Yakkasaroy,146
Ikkilamchi bozor,2,53.32,2,9,Yoʻq,Sirg‘ali,54
Yangi qurilgan uylar,2,57,10,10,Yoʻq,Bektemir,700
Ikkilamchi bozor,4,80,2,4,Yoʻq,Mirzo-Ulug‘bek,92
Yangi qurilgan uylar,1,53.50,7,8,Yoʻq,Yashnobod,29
Yangi qurilgan uylar,1,26,1,2,Ha,Mirzo-Ulug‘bek,35
Yangi qurilgan uylar,2,45,10,14,Ha,Yashnobod,67
Ikkilamchi bozor,4,92,4,5,Ha,Yashnobod,85
Ikkilamchi bozor,3,77,4,4,Ha,Sirg‘ali,68
Yangi qurilgan uylar,1,30,15,16,Yoʻq,Mirobod,530
Yangi qurilgan uylar,2,46,5,9,Ha,Yashnobod,78
Ikkilamchi bozor,3,73,3,9,Ha,Mirobod,122
Yangi qurilgan uylar,4,100,9,10,Ha,Mirzo-Ulug‘bek,181
Yangi qurilgan uylar,2,65,7,14,Ha,Yashnobod,245
Ikkilamchi bozor,3,72,6,9,Yoʻq,Mirzo-Ulug‘bek,65
Yangi qurilgan uylar,1,52,4,8,Yoʻq,Mirobod,42
Ikkilamchi bozor,3,74,7,9,Yoʻq,Bektemir,53
Yangi qurilgan uylar,2,85,8,10,Ha,Mirzo-Ulug‘bek,102
Ikkilamchi bozor,2,46,2,5,Ha,Yunusobod,55
Yangi qurilgan uylar,2,40.65,5,11,Yoʻq,Mirobod,118
Ikkilamchi bozor,5,110,5,5,Yoʻq,Yunusobod,91
Ikkilamchi bozor,3,65,3,4,Yoʻq,Chilonzor,71
Yangi qurilgan uylar,3,87,3,8,Ha,Shayxontohur,315
Yangi qurilgan uylar,3,90,4,10,Ha,Yakkasaroy,145
Yangi qurilgan uylar,4,123,6,10,Yoʻq,Yunusobod,179
Yangi qurilgan uylar,8,200,3,4,Ha,Olmazor,169
Ikkilamchi bozor,2,60,2,4,Ha,Chilonzor,80
Ikkilamchi bozor,3,100,1,1,Ha,Mirobod,80
Ikkilamchi bozor,1,42,1,5,Yoʻq,Chilonzor,44
Yangi qurilgan uylar,3,73.30,5,9,Yoʻq,Olmazor,90
Yangi qurilgan uylar,3,78,5,5,Yoʻq,Sirg‘ali,56
Yangi qurilgan uylar,2,42,3,9,Ha,Yunusobod,100
Ikkilamchi bozor,2,65,3,9,Ha,Mirobod,96
Ikkilamchi bozor,2,53.43,3,4,Ha,Bektemir,46
Yangi qurilgan uylar,2,68,8,9,Ha,Mirzo-Ulug‘bek,130
Ikkilamchi bozor,3,48,10,12,Ha,Yashnobod,45
Yangi qurilgan uylar,4,94,4,9,Yoʻq,Sirg‘ali,77
Ikkilamchi bozor,2,64,4,5,Ha,Mirzo-Ulug‘bek,67
Yangi qurilgan uylar,3,69,6,9,Ha,Yashnobod,98
Yangi qurilgan uylar,3,74,11,16,Yoʻq,Sirg‘ali,60
Ikkilamchi bozor,3,65,1,4,Ha,Chilonzor,83
Ikkilamchi bozor,2,50,1,4,Yoʻq,Mirzo-Ulug‘bek,55
Yangi qurilgan uylar,1,30,4,16,Yoʻq,Mirobod,45
Yangi qurilgan uylar,3,80,8,10,Ha,Mirzo-Ulug‘bek,147
Yangi qurilgan uylar,3,110,2,5,Ha,Mirobod,170
Yangi qurilgan uylar,1,30,8,9,Ha,Yashnobod,47
Yangi qurilgan uylar,3,92.20,3,7,Ha,Mirzo-Ulug‘bek,115
Yangi qurilgan uylar,1,28,4,9,Ha,Yashnobod,45
Yangi qurilgan uylar,3,78,22,25,Yoʻq,Mirzo-Ulug‘bek,119
Ikkilamchi bozor,4,59,5,5,Ha,Mirzo-Ulug‘bek,65
Yangi qurilgan uylar,1,53,16,16,Yoʻq,Yunusobod,51
Yangi qurilgan uylar,2,47,7,10,Ha,Yashnobod,78
Ikkilamchi bozor,2,65,6,9,Ha,Shayxontohur,76
Ikkilamchi bozor,4,83,3,4,Yoʻq,Mirobod,129
Yangi qurilgan uylar,3,65.70,2,12,Ha,Mirzo-Ulug‘bek,163
Yangi qurilgan uylar,4,101,2,4,Ha,Yunusobod,135
Ikkilamchi bozor,1,40,1,5,Ha,Yashnobod,47
Yangi qurilgan uylar,2,55,4,7,Yoʻq,Sirg‘ali,56
Yangi qurilgan uylar,3,95,10,11,Yoʻq,Mirzo-Ulug‘bek,104
Yangi qurilgan uylar,6,250,10,10,Ha,Mirzo-Ulug‘bek,420
Ikkilamchi bozor,3,68,3,4,Ha,Yakkasaroy,86
Yangi qurilgan uylar,2,60,6,9,Ha,Yakkasaroy,112
Yangi qurilgan uylar,8,223,3,16,Yoʻq,Yashnobod,535
Ikkilamchi bozor,3,70,3,5,Ha,Yakkasaroy,154
Ikkilamchi bozor,4,92,4,5,Ha,Yunusobod,95
Yangi qurilgan uylar,1,35,18,27,Ha,Shayxontohur,102
Yangi qurilgan uylar,1,42,10,16,Yoʻq,Shayxontohur,66
Yangi qurilgan uylar,3,87,8,8,Ha,Yunusobod,115
Yangi qurilgan uylar,3,75,14,16,Yoʻq,Mirobod,110
Yangi qurilgan uylar,1,31.65,8,12,Ha,Chilonzor,59
Ikkilamchi bozor,2,50,3,5,Yoʻq,Mirzo-Ulug‘bek,57
Yangi qurilgan uylar,2,49,8,11,Ha,Yakkasaroy,82
Yangi qurilgan uylar,2,49,8,11,Ha,Yakkasaroy,82
Yangi qurilgan uylar,60,60,5,7,Ha,Sirg‘ali,62
Yangi qurilgan uylar,2,72,15,26,Yoʻq,Shayxontohur,158
Yangi qurilgan uylar,1,30,10,14,Yoʻq,Yakkasaroy,45
Yangi qurilgan uylar,1,30,1,9,Yoʻq,Yashnobod,41
Ikkilamchi bozor,2,46,4,4,Yoʻq,Mirzo-Ulug‘bek,51
Ikkilamchi bozor,2,40,2,5,Ha,Mirzo-Ulug‘bek,69
Ikkilamchi bozor,1,42,7,9,Yoʻq,Yashnobod,40
Yangi qurilgan uylar,5,192,7,10,Ha,Yakkasaroy,320
Ikkilamchi bozor,3,80,3,9,Ha,Sirg‘ali,65
Ikkilamchi bozor,3,62.68,2,4,Yoʻq,Chilonzor,78
Yangi qurilgan uylar,4,101,5,9,Ha,Sirg‘ali,84
Yangi qurilgan uylar,3,75,3,4,Ha,Yakkasaroy,119
Yangi qurilgan uylar,3,70,2,5,Ha,Mirzo-Ulug‘bek,96
Yangi qurilgan uylar,3,90,2,10,Yoʻq,Yashnobod,76
Yangi qurilgan uylar,2,48,1,7,Yoʻq,Sirg‘ali,52
Yangi qurilgan uylar,1,27,9,9,Yoʻq,Mirzo-Ulug‘bek,36
Yangi qurilgan uylar,2,57,3,9,Yoʻq,Mirobod,152
Ikkilamchi bozor,3,70,3,4,Yoʻq,Yunusobod,60
Yangi qurilgan uylar,2,35,5,12,Ha,Mirobod,115
Ikkilamchi bozor,3,63,4,4,Ha,Mirobod,129
Yangi qurilgan uylar,3,70,9,10,Ha,Yashnobod,117
Yangi qurilgan uylar,4,110,6,10,Yoʻq,Yunusobod,102
Yangi qurilgan uylar,2,39,6,9,Ha,Sirg‘ali,39
Yangi qurilgan uylar,4,116,3,7,Yoʻq,Shayxontohur,210
Ikkilamchi bozor,2,63,4,4,Ha,Mirobod,122
Yangi qurilgan uylar,3,75,7,14,Ha,Yakkasaroy,113
Ikkilamchi bozor,2,60,9,9,Yoʻq,Sirg‘ali,55
Ikkilamchi bozor,2,55,2,5,Ha,Mirzo-Ulug‘bek,110
Yangi qurilgan uylar,3,86,6,11,Yoʻq,Mirobod,239
Yangi qurilgan uylar,2,62,2,7,Yoʻq,Sirg‘ali,63
Yangi qurilgan uylar,2,48,14,26,Ha,Shayxontohur,136
Yangi qurilgan uylar,2,50,1,3,Yoʻq,Mirzo-Ulug‘bek,52
Ikkilamchi bozor,2,50,12,12,Ha,Yakkasaroy,67
Ikkilamchi bozor,2,64,1,4,Ha,Mirzo-Ulug‘bek,95
Ikkilamchi bozor,4,92,4,5,Ha,Sirg‘ali,69
Yangi qurilgan uylar,6,160,7,8,Yoʻq,Yunusobod,118
Yangi qurilgan uylar,2,60,12,12,Yoʻq,Shayxontohur,74
Ikkilamchi bozor,2,46,3,4,Ha,Chilonzor,67
Ikkilamchi bozor,1,42,1,5,Yoʻq,Yunusobod,42
Yangi qurilgan uylar,2,54,7,7,Yoʻq,Sirg‘ali,52
Yangi qurilgan uylar,3,118,9,10,Yoʻq,Yakkasaroy,106
Yangi qurilgan uylar,2,50,3,3,Ha,Chilonzor,65
Yangi qurilgan uylar,2,48,5,7,Yoʻq,Yashnobod,58
Ikkilamchi bozor,2,55,4,5,Ha,Mirzo-Ulug‘bek,70
Yangi qurilgan uylar,4,102,5,10,Yoʻq,Yashnobod,98
Yangi qurilgan uylar,3,103.50,8,12,Yoʻq,Shayxontohur,115
Yangi qurilgan uylar,3,74,2,4,Yoʻq,Olmazor,79
Yangi qurilgan uylar,3,65,2,9,Ha,Mirzo-Ulug‘bek,114
Yangi qurilgan uylar,1,45,8,10,Yoʻq,Shayxontohur,48
Yangi qurilgan uylar,4,135,3,4,Yoʻq,Yashnobod,127
Ikkilamchi bozor,3,73,4,4,Yoʻq,Yunusobod,86
Yangi qurilgan uylar,3,110,3,8,Ha,Yunusobod,215
Ikkilamchi bozor,3,79,5,5,Ha,Sirg‘ali,52
Yangi qurilgan uylar,2,55,3,7,Yoʻq,Sirg‘ali,55
Yangi qurilgan uylar,3,88,6,8,Ha,Yakkasaroy,177
Yangi qurilgan uylar,3,65,2,9,Ha,Mirzo-Ulug‘bek,88
Yangi qurilgan uylar,2,44,4,10,Ha,Yakkasaroy,87
Ikkilamchi bozor,2,60,1,1,Ha,Bektemir,36
Ikkilamchi bozor,1,30,2,4,Ha,Yakkasaroy,46
Yangi qurilgan uylar,2,56,5,7,Yoʻq,Sirg‘ali,52
Yangi qurilgan uylar,2,52,13,16,Ha,Yunusobod,72
Yangi qurilgan uylar,2,40,8,9,Ha,Yashnobod,59
Yangi qurilgan uylar,2,61,9,12,Yoʻq,Mirobod,130
Ikkilamchi bozor,2,49,3,4,Yoʻq,Sirg‘ali,50
Yangi qurilgan uylar,2,58,8,10,Ha,Yakkasaroy,91
Ikkilamchi bozor,2,54,4,4,Ha,Chilonzor,73
Yangi qurilgan uylar,4,128,7,10,Yoʻq,Yashnobod,140
Yangi qurilgan uylar,3,64,5,8,Ha,Mirzo-Ulug‘bek,89
Ikkilamchi bozor,3,72,3,9,Ha,Chilonzor,105
Yangi qurilgan uylar,3,85,2,8,Ha,Mirzo-Ulug‘bek,155
Ikkilamchi bozor,4,99,1,5,Yoʻq,Yunusobod,95
Ikkilamchi bozor,2,70,2,9,Ha,Yakkasaroy,95
Yangi qurilgan uylar,4,215,3,5,Ha,Mirzo-Ulug‘bek,225
Yangi qurilgan uylar,3,135,8,10,Ha,Mirzo-Ulug‘bek,230
Yangi qurilgan uylar,3,89,3,10,Yoʻq,Yakkasaroy,89
Ikkilamchi bozor,3,56,6,7,Ha,Sirg‘ali,63
Ikkilamchi bozor,2,56,2,4,Ha,Yakkasaroy,106
Yangi qurilgan uylar,2,40,8,9,Ha,Yashnobod,59
Yangi qurilgan uylar,3,89,8,10,Ha,Yakkasaroy,155
Yangi qurilgan uylar,2,45,2,7,Ha,Sirg‘ali,60
Yangi qurilgan uylar,3,111,10,10,Ha,Mirobod,139
Yangi qurilgan uylar,4,104,1,9,Ha,Mirzo-Ulug‘bek,125
Ikkilamchi bozor,2,50,2,2,Ha,Mirobod,52
Ikkilamchi bozor,1,42,4,4,Ha,Mirobod,45
Yangi qurilgan uylar,2,65,19,48,Yoʻq,Yakkasaroy,167
Yangi qurilgan uylar,1,49,16,16,Yoʻq,Yunusobod,51
Yangi qurilgan uylar,2,48,2,12,Yoʻq,Olmazor,65
Ikkilamchi bozor,3,72,4,5,Ha,Yunusobod,69
Yangi qurilgan uylar,2,70,23,49,Yoʻq,Yakkasaroy,205
Yangi qurilgan uylar,3,85,3,7,Ha,Shayxontohur,287
Yangi qurilgan uylar,3,100,10,11,Yoʻq,Mirzo-Ulug‘bek,112
Yangi qurilgan uylar,2,51,10,12,Yoʻq,Yakkasaroy,107
Ikkilamchi bozor,2,42,5,5,Ha,Chilonzor,42
Ikkilamchi bozor,1,35,3,4,Yoʻq,Chilonzor,39
Yangi qurilgan uylar,3,118,9,10,Yoʻq,Yakkasaroy,110
Yangi qurilgan uylar,4,132,7,10,Yoʻq,Yakkasaroy,1
Yangi qurilgan uylar,2,52.02,3,4,Ha,Yunusobod,106
Ikkilamchi bozor,3,60,3,4,Ha,Chilonzor,69
Yangi qurilgan uylar,2,65,3,4,Ha,Mirobod,130
Yangi qurilgan uylar,2,65.90,7,9,Yoʻq,Yashnobod,87
Yangi qurilgan uylar,1,38.70,7,8,Yoʻq,Yashnobod,21
Yangi qurilgan uylar,2,43,3,7,Yoʻq,Sirg‘ali,52
Yangi qurilgan uylar,1,29,9,16,Yoʻq,Mirobod,43
Yangi qurilgan uylar,2,58.40,9,9,Yoʻq,Yashnobod,57
Ikkilamchi bozor,4,82,4,4,Yoʻq,Yunusobod,72
Yangi qurilgan uylar,3,67,7,10,Yoʻq,Mirzo-Ulug‘bek,85
Yangi qurilgan uylar,1,30,1,4,Ha,Shayxontohur,46
Yangi qurilgan uylar,2,56,4,7,Ha,Sirg‘ali,56
Yangi qurilgan uylar,2,35,8,8,Ha,Yakkasaroy,73
Ikkilamchi bozor,2,60,2,4,Yoʻq,Mirzo-Ulug‘bek,93
Yangi qurilgan uylar,2,57.40,15,16,Yoʻq,Mirzo-Ulug‘bek,74
Yangi qurilgan uylar,3,70,9,10,Ha,Yashnobod,117
Yangi qurilgan uylar,3,60,3,7,Ha,Mirzo-Ulug‘bek,85
Yangi qurilgan uylar,1,31,15,16,Ha,Sirg‘ali,30
Ikkilamchi bozor,3,72,3,9,Ha,Shayxontohur,89
Yangi qurilgan uylar,2,49,5,6,Yoʻq,Yashnobod,42
Yangi qurilgan uylar,2,58.10,8,13,Ha,Mirzo-Ulug‘bek,97
Yangi qurilgan uylar,3,94,3,11,Ha,Mirzo-Ulug‘bek,103
Ikkilamchi bozor,2,65,5,9,Ha,Yakkasaroy,69
Yangi qurilgan uylar,2,54,4,12,Yoʻq,Mirzo-Ulug‘bek,83
Ikkilamchi bozor,4,87,4,4,Ha,Mirobod,119
Yangi qurilgan uylar,1,43,7,15,Ha,Mirobod,159
Yangi qurilgan uylar,5,150,1,1,Yoʻq,Yunusobod,130
Ikkilamchi bozor,2,50,3,5,Ha,Uchtepa,50
Ikkilamchi bozor,1,40,7,9,Yoʻq,Yashnobod,45
Ikkilamchi bozor,2,44,4,4,Ha,Chilonzor,60
Yangi qurilgan uylar,2,60,3,7,Yoʻq,Shayxontohur,68
Yangi qurilgan uylar,3,78,4,7,Ha,Olmazor,116
Yangi qurilgan uylar,3,88,5,7,Yoʻq,Mirobod,80
Ikkilamchi bozor,2,48,2,9,Yoʻq,Mirzo-Ulug‘bek,33
Yangi qurilgan uylar,1,36,14,27,Ha,Shayxontohur,105
Ikkilamchi bozor,3,68,3,4,Yoʻq,Mirzo-Ulug‘bek,73
Yangi qurilgan uylar,2,70,6,10,Ha,Yashnobod,105
Ikkilamchi bozor,2,48,6,9,Yoʻq,Yashnobod,53
Ikkilamchi bozor,3,80,9,9,Ha,Shayxontohur,66
Yangi qurilgan uylar,3,85,8,10,Ha,Mirzo-Ulug‘bek,147
Yangi qurilgan uylar,2,76,7,10,Yoʻq,Mirzo-Ulug‘bek,118
Yangi qurilgan uylar,3,95,7,8,Ha,Yakkasaroy,220
Yangi qurilgan uylar,2,45,2,10,Ha,Yashnobod,67
Yangi qurilgan uylar,1,40,9,12,Yoʻq,Bektemir,40
Yangi qurilgan uylar,2,65,3,12,Yoʻq,Yashnobod,190
Yangi qurilgan uylar,2,42,4,9,Ha,Mirzo-Ulug‘bek,135
Yangi qurilgan uylar,2,65,2,13,Yoʻq,Mirzo-Ulug‘bek,1
Ikkilamchi bozor,3,48,1,4,Ha,Mirzo-Ulug‘bek,71
Ikkilamchi bozor,2,62,2,4,Yoʻq,Mirzo-Ulug‘bek,60
Ikkilamchi bozor,3,50,3,4,Yoʻq,Yashnobod,59
Ikkilamchi bozor,1,18,1,1,Yoʻq,Sirg‘ali,20
Yangi qurilgan uylar,2,84,3,5,Yoʻq,Shayxontohur,100
Yangi qurilgan uylar,3,76,9,9,Ha,Yashnobod,92
Yangi qurilgan uylar,2,67,8,16,Ha,Yunusobod,86
Yangi qurilgan uylar,3,75,8,9,Yoʻq,Yakkasaroy,110
Ikkilamchi bozor,2,49.19,1,5,Yoʻq,Yashnobod,60
Yangi qurilgan uylar,2,50.90,9,10,Yoʻq,Bektemir,38
Ikkilamchi bozor,2,62,8,9,Yoʻq,Chilonzor,56
Yangi qurilgan uylar,4,110,10,10,Yoʻq,Yunusobod,155
Yangi qurilgan uylar,2,53.21,17,51,Ha,Shayxontohur,190
Ikkilamchi bozor,2,60,3,4,Yoʻq,Yunusobod,53
Ikkilamchi bozor,4,94,6,9,Yoʻq,Sirg‘ali,74
Ikkilamchi bozor,3,74,7,9,Ha,Yashnobod,94
Ikkilamchi bozor,4,92,1,5,Yoʻq,Mirzo-Ulug‘bek,95
Yangi qurilgan uylar,2,50,4,9,Yoʻq,Yashnobod,57
Yangi qurilgan uylar,4,130,1,6,Ha,Mirzo-Ulug‘bek,180
Ikkilamchi bozor,1,40,2,4,Yoʻq,Yunusobod,52
Ikkilamchi bozor,1,42,1,4,Ha,Yashnobod,47
Yangi qurilgan uylar,3,74,8,11,Ha,Mirzo-Ulug‘bek,185
Ikkilamchi bozor,5,145,2,4,Ha,Mirzo-Ulug‘bek,174
Yangi qurilgan uylar,3,92,4,8,Ha,Mirobod,180
Yangi qurilgan uylar,3,75,3,9,Ha,Yashnobod,96
Yangi qurilgan uylar,3,102,3,8,Ha,Olmazor,170
Yangi qurilgan uylar,4,75,7,7,Ha,Mirzo-Ulug‘bek,139
Ikkilamchi bozor,3,120,2,4,Yoʻq,Yakkasaroy,155
Yangi qurilgan uylar,1,30,8,18,Yoʻq,Yakkasaroy,158
Yangi qurilgan uylar,3,65,9,10,Yoʻq,Sirg‘ali,64
Yangi qurilgan uylar,3,92,3,7,Yoʻq,Shayxontohur,380
Yangi qurilgan uylar,3,60,7,8,Ha,Mirzo-Ulug‘bek,105
Ikkilamchi bozor,3,98.69,7,7,Ha,Yunusobod,121
Ikkilamchi bozor,3,92,1,5,Ha,Mirobod,135
Yangi qurilgan uylar,4,114,8,9,Ha,Mirobod,150
Yangi qurilgan uylar,3,78,4,10,Yoʻq,Yakkasaroy,102
Yangi qurilgan uylar,4,128,7,9,Yoʻq,Yashnobod,140
Ikkilamchi bozor,3,64,1,4,Ha,Mirzo-Ulug‘bek,65
Ikkilamchi bozor,2,47,7,9,Ha,Yakkasaroy,55
Yangi qurilgan uylar,3,86,7,8,Yoʻq,Mirzo-Ulug‘bek,62
Ikkilamchi bozor,4,150,2,12,Ha,Mirobod,198
Ikkilamchi bozor,1,30,2,4,Ha,Yakkasaroy,66
Yangi qurilgan uylar,2,43,4,7,Yoʻq,Sirg‘ali,50
Yangi qurilgan uylar,2,68,8,10,Yoʻq,Uchtepa,66
Yangi qurilgan uylar,3,80.68,10,12,Yoʻq,Mirobod,149
Yangi qurilgan uylar,1,29,7,12,Ha,Shayxontohur,58
Yangi qurilgan uylar,2,45,12,27,Yoʻq,Shayxontohur,110
Ikkilamchi bozor,3,102,4,4,Ha,Olmazor,101
Ikkilamchi bozor,2,60,3,5,Yoʻq,Sirg‘ali,62
Ikkilamchi bozor,3,3,1,1,Ha,Yashnobod,47
Ikkilamchi bozor,2,57,2,5,Ha,Olmazor,65
Yangi qurilgan uylar,3,122,6,10,Yoʻq,Mirzo-Ulug‘bek,180
Yangi qurilgan uylar,2,58,2,5,Ha,Olmazor,72
Ikkilamchi bozor,2,60,3,4,Ha,Yunusobod,60
Ikkilamchi bozor,3,83,2,9,Ha,Mirobod,110
Yangi qurilgan uylar,2,70,9,11,Ha,Yunusobod,155
Ikkilamchi bozor,2,63,2,4,Ha,Mirzo-Ulug‘bek,83
Ikkilamchi bozor,1,35,1,4,Yoʻq,Mirzo-Ulug‘bek,45
Ikkilamchi bozor,4,90,4,4,Ha,Chilonzor,110
Yangi qurilgan uylar,2,51,6,9,Yoʻq,Yunusobod,58
Yangi qurilgan uylar,3,70,5,9,Ha,Yashnobod,87
Yangi qurilgan uylar,2,55,2,9,Ha,Mirobod,87
Yangi qurilgan uylar,3,96,5,8,Yoʻq,Mirzo-Ulug‘bek,132
Ikkilamchi bozor,2,41,6,9,Ha,Yashnobod,43
Ikkilamchi bozor,1,43,2,4,Yoʻq,Yunusobod,48
Ikkilamchi bozor,2,48,3,4,Yoʻq,Chilonzor,63
Ikkilamchi bozor,4,107,9,9,Yoʻq,Sirg‘ali,69
Yangi qurilgan uylar,3,75,5,9,Yoʻq,Yashnobod,110
Yangi qurilgan uylar,3,75,3,7,Ha,Mirzo-Ulug‘bek,100
Ikkilamchi bozor,2,50,1,4,Ha,Olmazor,54
Yangi qurilgan uylar,1,26,6,9,Yoʻq,Yashnobod,37
Yangi qurilgan uylar,2,59,18,51,Yoʻq,Shayxontohur,147
Ikkilamchi bozor,3,66,4,5,Ha,Yakkasaroy,125
Ikkilamchi bozor,3,58,2,7,Ha,Sirg‘ali,80
Ikkilamchi bozor,2,57,2,7,Ha,Sirg‘ali,59
Yangi qurilgan uylar,2,45,5,5,Ha,Yashnobod,53
Yangi qurilgan uylar,3,76,7,9,Yoʻq,Shayxontohur,100
Ikkilamchi bozor,2,40,2,5,Ha,Mirzo-Ulug‘bek,69
Yangi qurilgan uylar,4,117,1,5,Ha,Yunusobod,2
Yangi qurilgan uylar,2,60,5,5,Ha,Yakkasaroy,87
Ikkilamchi bozor,4,105,9,9,Yoʻq,Yunusobod,110
Ikkilamchi bozor,3,85,3,9,Yoʻq,Sirg‘ali,75
Yangi qurilgan uylar,3,55,5,8,Ha,Yunusobod,64
Yangi qurilgan uylar,3,105,3,8,Ha,Yunusobod,160
Ikkilamchi bozor,3,78,3,5,Yoʻq,Yunusobod,75
Yangi qurilgan uylar,3,92.50,7,9,Yoʻq,Mirobod,150
Yangi qurilgan uylar,2,72,9,25,Ha,Mirzo-Ulug‘bek,172
Ikkilamchi bozor,1,24,4,4,Ha,Sirg‘ali,35
Ikkilamchi bozor,1,34,4,4,Yoʻq,Yakkasaroy,44
Yangi qurilgan uylar,2,60,6,9,Ha,Yakkasaroy,117
Ikkilamchi bozor,2,46,2,4,Yoʻq,Chilonzor,54
Ikkilamchi bozor,3,54,2,2,Yoʻq,Sirg‘ali,41
Yangi qurilgan uylar,3,92,4,10,Ha,Yakkasaroy,145
Ikkilamchi bozor,4,90,3,4,Ha,Mirobod,160
Yangi qurilgan uylar,2,44.80,9,11,Yoʻq,Yashnobod,44
Yangi qurilgan uylar,3,84,8,10,Yoʻq,Yakkasaroy,75
Ikkilamchi bozor,2,47,4,4,Ha,Chilonzor,66
Yangi qurilgan uylar,2,53,6,11,Yoʻq,Yashnobod,77
Yangi qurilgan uylar,4,73,3,11,Ha,Yakkasaroy,123
Yangi qurilgan uylar,2,55,3,12,Yoʻq,Mirobod,152
Ikkilamchi bozor,3,76,2,4,Ha,Yakkasaroy,125
Yangi qurilgan uylar,4,121,5,8,Yoʻq,Yunusobod,128
Yangi qurilgan uylar,3,95,5,10,Ha,Yunusobod,210
Yangi qurilgan uylar,2,63,8,13,Yoʻq,Yakkasaroy,65
Yangi qurilgan uylar,4,123,7,8,Yoʻq,Shayxontohur,125
Yangi qurilgan uylar,1,29,8,16,Yoʻq,Mirobod,43
Yangi qurilgan uylar,1,35,10,26,Yoʻq,Shayxontohur,110
Yangi qurilgan uylar,3,90,4,10,Ha,Yakkasaroy,147
Ikkilamchi bozor,1,33,4,4,Yoʻq,Uchtepa,41
Yangi qurilgan uylar,1,29,7,12,Ha,Shayxontohur,60
Ikkilamchi bozor,3,97,6,6,Ha,Yunusobod,74
Yangi qurilgan uylar,3,107,5,8,Ha,Shayxontohur,343
Yangi qurilgan uylar,2,72,4,10,Ha,Mirzo-Ulug‘bek,97
Yangi qurilgan uylar,2,54,7,16,Yoʻq,Sirg‘ali,53
Yangi qurilgan uylar,2,48,1,7,Yoʻq,Sirg‘ali,52
Ikkilamchi bozor,3,69.99,4,4,Ha,Yunusobod,92
Ikkilamchi bozor,3,76,2,4,Ha,Mirzo-Ulug‘bek,100
Yangi qurilgan uylar,2,58,10,16,Ha,Sirg‘ali,54
Yangi qurilgan uylar,1,42,10,16,Yoʻq,Shayxontohur,66
Ikkilamchi bozor,1,28,3,4,Yoʻq,Yunusobod,36
Yangi qurilgan uylar,3,74,8,10,Ha,Mirzo-Ulug‘bek,185
Yangi qurilgan uylar,3,74,3,7,Ha,Sirg‘ali,69
Yangi qurilgan uylar,3,67,10,13,Ha,Yunusobod,85
Yangi qurilgan uylar,2,62,5,16,Yoʻq,Mirzo-Ulug‘bek,95
Ikkilamchi bozor,1,36,3,4,Ha,Chilonzor,60
Ikkilamchi bozor,4,84,4,5,Ha,Olmazor,77
Ikkilamchi bozor,4,82.70,1,4,Ha,Mirobod,80
Yangi qurilgan uylar,3,67,13,13,Ha,Yunusobod,86
Ikkilamchi bozor,5,4.20,1,1,Ha,Yunusobod,118
Yangi qurilgan uylar,4,95,2,16,Ha,Yakkasaroy,295
Ikkilamchi bozor,3,72,4,4,Ha,Chilonzor,85
Yangi qurilgan uylar,4,143,11,11,Yoʻq,Yunusobod,132
Yangi qurilgan uylar,3,67,5,8,Ha,Mirzo-Ulug‘bek,139
Yangi qurilgan uylar,3,74,8,11,Ha,Mirzo-Ulug‘bek,185
Ikkilamchi bozor,4,66,2,4,Yoʻq,Mirzo-Ulug‘bek,73
Ikkilamchi bozor,3,70,3,4,Ha,Olmazor,71
Yangi qurilgan uylar,3,73,8,11,Ha,Mirzo-Ulug‘bek,185
Yangi qurilgan uylar,3,89,7,7,Ha,Yunusobod,150
Ikkilamchi bozor,1,28,4,4,Ha,Yunusobod,34
Yangi qurilgan uylar,1,38.70,7,8,Yoʻq,Yashnobod,21
Yangi qurilgan uylar,2,40,13,16,Yoʻq,Mirzo-Ulug‘bek,61
Yangi qurilgan uylar,3,102,11,14,Ha,Yakkasaroy,225
Ikkilamchi bozor,1,40,1,5,Ha,Chilonzor,46
Yangi qurilgan uylar,3,80,11,13,Yoʻq,Mirzo-Ulug‘bek,95
Yangi qurilgan uylar,3,143,11,11,Yoʻq,Yunusobod,132
Ikkilamchi bozor,2,45,5,8,Ha,Shayxontohur,155
Yangi qurilgan uylar,2,50,4,8,Yoʻq,Yunusobod,53
Yangi qurilgan uylar,3,107,4,10,Ha,Shayxontohur,139
Yangi qurilgan uylar,3,80,12,15,Ha,Mirobod,320
Yangi qurilgan uylar,3,70,5,10,Ha,Yashnobod,89
Yangi qurilgan uylar,1,32,8,16,Ha,Mirobod,55
Yangi qurilgan uylar,3,70,4,8,Ha,Yakkasaroy,128
Yangi qurilgan uylar,2,40,8,9,Yoʻq,Yashnobod,62
Yangi qurilgan uylar,3,105,4,8,Yoʻq,Yakkasaroy,225
Yangi qurilgan uylar,3,86,8,10,Ha,Yakkasaroy,155
Ikkilamchi bozor,2,58,2,4,Ha,Yunusobod,96
Ikkilamchi bozor,4,90,3,5,Ha,Yashnobod,135
Yangi qurilgan uylar,2,58,7,9,Ha,Mirzo-Ulug‘bek,89
Ikkilamchi bozor,3,74,4,9,Yoʻq,Olmazor,85
Ikkilamchi bozor,3,78,7,9,Yoʻq,Shayxontohur,85
Ikkilamchi bozor,2,48,2,4,Ha,Mirzo-Ulug‘bek,67
Yangi qurilgan uylar,3,78,4,10,Yoʻq,Yakkasaroy,109
Yangi qurilgan uylar,2,60,12,12,Yoʻq,Shayxontohur,74
Yangi qurilgan uylar,4,90,3,10,Ha,Yunusobod,155
Yangi qurilgan uylar,2,55,2,9,Ha,Mirobod,87
Yangi qurilgan uylar,2,39.39,1,5,Ha,Yashnobod,59
Yangi qurilgan uylar,1,42,2,16,Ha,Shayxontohur,77
Ikkilamchi bozor,4,105,8,9,Yoʻq,Yakkasaroy,99
Yangi qurilgan uylar,2,60,5,9,Ha,Mirobod,225
Ikkilamchi bozor,4,80.90,4,4,Ha,Mirzo-Ulug‘bek,95
Yangi qurilgan uylar,2,50,7,8,Ha,Yakkasaroy,78
Ikkilamchi bozor,2,50,5,5,Yoʻq,Mirobod,53
Ikkilamchi bozor,1,44,1,4,Yoʻq,Yunusobod,50
Ikkilamchi bozor,2,46,1,4,Ha,Chilonzor,80
Yangi qurilgan uylar,2,75.70,1,10,Yoʻq,Yakkasaroy,98
Ikkilamchi bozor,2,62,3,9,Ha,Bektemir,62
Yangi qurilgan uylar,2,41,1,6,Yoʻq,Yashnobod,37
Yangi qurilgan uylar,3,115,5,8,Ha,Mirzo-Ulug‘bek,150
Yangi qurilgan uylar,4,82,2,8,Ha,Yashnobod,140
Ikkilamchi bozor,4,94,6,9,Yoʻq,Sirg‘ali,74
Yangi qurilgan uylar,2,48,2,9,Ha,Yashnobod,85
Ikkilamchi bozor,4,92,4,5,Yoʻq,Mirzo-Ulug‘bek,85
Ikkilamchi bozor,4,80,2,4,Ha,Yunusobod,90
Yangi qurilgan uylar,4,150,6,7,Ha,Yunusobod,265
Yangi qurilgan uylar,2,80,10,12,Yoʻq,Yunusobod,65
Yangi qurilgan uylar,2,54,4,12,Yoʻq,Mirzo-Ulug‘bek,83
Ikkilamchi bozor,2,53,3,5,Ha,Mirzo-Ulug‘bek,75
Yangi qurilgan uylar,2,57,40,47,Yoʻq,Yakkasaroy,142
Yangi qurilgan uylar,3,65,14,16,Yoʻq,Sirg‘ali,59
Ikkilamchi bozor,4,100,2,5,Yoʻq,Shayxontohur,99
Yangi qurilgan uylar,3,93,9,10,Ha,Shayxontohur,142
Ikkilamchi bozor,1,26,3,5,Ha,Mirzo-Ulug‘bek,22
Ikkilamchi bozor,3,68,1,4,Ha,Mirzo-Ulug‘bek,108
Ikkilamchi bozor,1,24,1,5,Yoʻq,Mirobod,31
Yangi qurilgan uylar,3,30,6,6,Ha,Sirg‘ali,35
Ikkilamchi bozor,3,80,4,9,Ha,Mirobod,130
Yangi qurilgan uylar,2,66,5,8,Yoʻq,Yashnobod,44
Yangi qurilgan uylar,3,86,6,8,Yoʻq,Yunusobod,83
Yangi qurilgan uylar,2,84,4,8,Ha,Yunusobod,105
Ikkilamchi bozor,3,67,4,4,Ha,Shayxontohur,72
Ikkilamchi bozor,1,40,4,5,Ha,Yakkasaroy,55
Ikkilamchi bozor,2,47,1,4,Ha,Chilonzor,62
Ikkilamchi bozor,2,56,1,2,Yoʻq,Mirzo-Ulug‘bek,63
Yangi qurilgan uylar,1,38,5,9,Ha,Yashnobod,57
Ikkilamchi bozor,2,50,2,4,Ha,Yunusobod,55
Yangi qurilgan uylar,2,50,10,16,Yoʻq,Yashnobod,58
Ikkilamchi bozor,1,28,2,5,Yoʻq,Chilonzor,29
Yangi qurilgan uylar,2,60,4,9,Ha,Yashnobod,85
Yangi qurilgan uylar,2,60,9,14,Yoʻq,Yakkasaroy,80
Yangi qurilgan uylar,4,110,6,10,Yoʻq,Olmazor,142
Ikkilamchi bozor,3,90,3,9,Yoʻq,Yunusobod,103
Yangi qurilgan uylar,1,3,8,11,Ha,Mirzo-Ulug‘bek,56
Yangi qurilgan uylar,2,41,16,23,Yoʻq,Yakkasaroy,119
Ikkilamchi bozor,3,70,2,4,Ha,Mirzo-Ulug‘bek,93
Yangi qurilgan uylar,3,118,3,12,Ha,Yakkasaroy,153
Yangi qurilgan uylar,2,50,17,25,Yoʻq,Mirzo-Ulug‘bek,82
Yangi qurilgan uylar,3,57,2,4,Ha,Sirg‘ali,60
Yangi qurilgan uylar,3,79,8,11,Ha,Yakkasaroy,130
Yangi qurilgan uylar,1,28,3,14,Ha,Yashnobod,50
Ikkilamchi bozor,1,38,4,5,Ha,Yakkasaroy,46
Yangi qurilgan uylar,3,98,4,8,Yoʻq,Mirobod,145
Yangi qurilgan uylar,2,53,3,10,Yoʻq,Yakkasaroy,73
Yangi qurilgan uylar,2,54,2,10,Ha,Mirobod,245
Yangi qurilgan uylar,3,68,1,4,Ha,Mirzo-Ulug‘bek,106
Ikkilamchi bozor,1,50,13,18,Yoʻq,Mirzo-Ulug‘bek,67
Yangi qurilgan uylar,2,52,3,9,Ha,Yashnobod,79
Ikkilamchi bozor,1,30,3,5,Ha,Chilonzor,45
Yangi qurilgan uylar,1,42,3,10,Ha,Chilonzor,63
Yangi qurilgan uylar,1,38,9,9,Ha,Yashnobod,57
Ikkilamchi bozor,5,101,2,12,Ha,Yashnobod,93
Yangi qurilgan uylar,3,87,7,25,Ha,Mirzo-Ulug‘bek,100
Ikkilamchi bozor,1,42,1,2,Yoʻq,Shayxontohur,41
Ikkilamchi bozor,2,51,4,4,Yoʻq,Chilonzor,52
Yangi qurilgan uylar,2,62,11,12,Ha,Mirobod,185
Yangi qurilgan uylar,3,75,5,9,Ha,Yashnobod,102
Ikkilamchi bozor,3,67,4,4,Yoʻq,Yunusobod,63
Yangi qurilgan uylar,3,120,11,13,Yoʻq,Yakkasaroy,97
Ikkilamchi bozor,1,38,5,5,Yoʻq,Bektemir,30
Yangi qurilgan uylar,3,50,7,7,Ha,Sirg‘ali,50
Yangi qurilgan uylar,1,40,4,9,Ha,Shayxontohur,65
Yangi qurilgan uylar,2,68,2,4,Yoʻq,Yashnobod,75
Yangi qurilgan uylar,3,83,5,10,Yoʻq,Yunusobod,130
Yangi qurilgan uylar,3,92,7,9,Yoʻq,Mirobod,149
Ikkilamchi bozor,3,71,3,9,Yoʻq,Chilonzor,72
Ikkilamchi bozor,1,28,3,5,Ha,Mirobod,75
Yangi qurilgan uylar,3,105,10,11,Ha,Yunusobod,239
Ikkilamchi bozor,1,35,4,4,Yoʻq,Mirzo-Ulug‘bek,38
Yangi qurilgan uylar,2,52,7,9,Yoʻq,Yashnobod,77
Yangi qurilgan uylar,2,36,6,12,Yoʻq,Shayxontohur,41
Ikkilamchi bozor,1,38.14,4,4,Yoʻq,Uchtepa,43
Yangi qurilgan uylar,1,45,3,9,Ha,Yunusobod,100
Yangi qurilgan uylar,2,50,6,10,Ha,Yunusobod,75
Yangi qurilgan uylar,2,48,3,12,Yoʻq,Olmazor,65
Yangi qurilgan uylar,2,40,1,9,Yoʻq,Yashnobod,45
Yangi qurilgan uylar,2,50,2,4,Ha,Yunusobod,67
Ikkilamchi bozor,2,50,4,4,Ha,Uchtepa,55
Yangi qurilgan uylar,2,40,8,9,Ha,Yashnobod,61
Ikkilamchi bozor,3,70,4,9,Yoʻq,Mirzo-Ulug‘bek,87
Ikkilamchi bozor,2,52,1,4,Yoʻq,Yashnobod,57
Yangi qurilgan uylar,2,60,12,12,Yoʻq,Shayxontohur,74
Yangi qurilgan uylar,2,62,6,9,Yoʻq,Mirzo-Ulug‘bek,65
Yangi qurilgan uylar,3,57,1,7,Yoʻq,Sirg‘ali,65
Yangi qurilgan uylar,2,40,21,51,Yoʻq,Shayxontohur,149
Ikkilamchi bozor,6,51,2,4,Yoʻq,Sirg‘ali,57
Yangi qurilgan uylar,2,48,1,9,Yoʻq,Bektemir,61
Ikkilamchi bozor,2,90,18,19,Yoʻq,Mirzo-Ulug‘bek,95
Yangi qurilgan uylar,1,37.70,7,8,Yoʻq,Yashnobod,20
Ikkilamchi bozor,4,91,4,5,Yoʻq,Yunusobod,125
Ikkilamchi bozor,1,30,3,5,Ha,Mirobod,75
Yangi qurilgan uylar,3,86,6,7,Ha,Shayxontohur,283
Ikkilamchi bozor,2,33,4,4,Ha,Mirzo-Ulug‘bek,31
Yangi qurilgan uylar,2,42,3,10,Yoʻq,Yakkasaroy,74
Yangi qurilgan uylar,3,71,4,14,Yoʻq,Yashnobod,171
Yangi qurilgan uylar,2,51.51,7,25,Ha,Mirzo-Ulug‘bek,116
Ikkilamchi bozor,2,72,2,9,Yoʻq,Sirg‘ali,70
Ikkilamchi bozor,2,73,5,12,Yoʻq,Uchtepa,950
Ikkilamchi bozor,3,70,3,4,Ha,Mirzo-Ulug‘bek,75
Ikkilamchi bozor,4,78.70,5,5,Ha,Mirzo-Ulug‘bek,90
Yangi qurilgan uylar,5,280,7,7,Yoʻq,Yunusobod,177
Yangi qurilgan uylar,4,75,4,4,Yoʻq,Shayxontohur,108
Yangi qurilgan uylar,1,30,4,15,Yoʻq,Yashnobod,24
Yangi qurilgan uylar,2,65,3,9,Ha,Yashnobod,79
Yangi qurilgan uylar,1,36.85,3,16,Yoʻq,Mirzo-Ulug‘bek,51
Ikkilamchi bozor,1,27,1,5,Ha,Yunusobod,55
Ikkilamchi bozor,1,38,1,4,Yoʻq,Yunusobod,57
Yangi qurilgan uylar,2,52.40,5,8,Yoʻq,Yashnobod,28
Yangi qurilgan uylar,2,54,8,11,Ha,Yunusobod,67
Ikkilamchi bozor,2,55,5,5,Ha,Mirzo-Ulug‘bek,65
Yangi qurilgan uylar,2,52.66,10,14,Yoʻq,Yunusobod,78
Yangi qurilgan uylar,2,47,8,16,Ha,Yashnobod,150
Yangi qurilgan uylar,3,83,1,16,Yoʻq,Mirzo-Ulug‘bek,85
Yangi qurilgan uylar,2,64,15,16,Yoʻq,Yunusobod,73
Ikkilamchi bozor,3,131.50,10,10,Ha,Yakkasaroy,78
Ikkilamchi bozor,2,60,3,4,Ha,Yakkasaroy,61
Yangi qurilgan uylar,2,47,4,16,Ha,Mirobod,155
Yangi qurilgan uylar,3,116,9,10,Ha,Yunusobod,215
Ikkilamchi bozor,2,58.80,4,4,Yoʻq,Yunusobod,85
Ikkilamchi bozor,3,65,4,4,Ha,Chilonzor,70
Ikkilamchi bozor,2,65,3,4,Ha,Mirobod,130
Yangi qurilgan uylar,4,91,10,11,Yoʻq,Mirzo-Ulug‘bek,105
Ikkilamchi bozor,4,100,2,5,Yoʻq,Mirzo-Ulug‘bek,125
Ikkilamchi bozor,2,55,4,5,Ha,Yunusobod,63
Ikkilamchi bozor,4,72,4,4,Yoʻq,Yunusobod,90
Yangi qurilgan uylar,3,75,8,14,Ha,Mirobod,230
Yangi qurilgan uylar,3,68,3,8,Ha,Chilonzor,84
Ikkilamchi bozor,2,47,2,4,Ha,Chilonzor,58
Yangi qurilgan uylar,2,60,6,10,Ha,Yakkasaroy,89
Ikkilamchi bozor,3,80,1,9,Ha,Sirg‘ali,70
Yangi qurilgan uylar,3,74,7,10,Yoʻq,Mirzo-Ulug‘bek,107
Ikkilamchi bozor,3,80,2,9,Yoʻq,Sirg‘ali,64
Yangi qurilgan uylar,2,52,11,12,Yoʻq,Shayxontohur,55
Ikkilamchi bozor,2,60,5,9,Ha,Mirobod,89
Yangi qurilgan uylar,2,46,6,7,Ha,Shayxontohur,185
Yangi qurilgan uylar,2,50,4,8,Yoʻq,Yunusobod,53
Yangi qurilgan uylar,3,80,6,7,Ha,Shayxontohur,102
Yangi qurilgan uylar,2,53,4,6,Ha,Mirobod,85
Ikkilamchi bozor,3,78,2,5,Yoʻq,Mirzo-Ulug‘bek,90
Ikkilamchi bozor,1,30,2,3,Yoʻq,Mirobod,32
Ikkilamchi bozor,4,95.40,4,4,Ha,Yashnobod,1
Yangi qurilgan uylar,4,130,4,10,Ha,Yakkasaroy,153
Yangi qurilgan uylar,3,64,9,10,Yoʻq,Bektemir,44
Yangi qurilgan uylar,3,87,4,12,Yoʻq,Shayxontohur,120
Ikkilamchi bozor,2,46,2,5,Ha,Yakkasaroy,52
Yangi qurilgan uylar,1,35,14,27,Ha,Shayxontohur,101
Yangi qurilgan uylar,2,54,9,10,Yoʻq,Bektemir,45
Yangi qurilgan uylar,3,81,1,8,Yoʻq,Mirzo-Ulug‘bek,90
Yangi qurilgan uylar,4,103,3,9,Ha,Sirg‘ali,88
Yangi qurilgan uylar,1,58,1,12,Ha,Yashnobod,47
Ikkilamchi bozor,1,40,1,5,Yoʻq,Mirzo-Ulug‘bek,49
Ikkilamchi bozor,3,67,4,4,Ha,Chilonzor,72
Yangi qurilgan uylar,2,47,8,12,Yoʻq,Shayxontohur,64
Yangi qurilgan uylar,2,50,3,7,Ha,Sirg‘ali,50
Yangi qurilgan uylar,3,90,9,10,Ha,Yakkasaroy,107
Ikkilamchi bozor,3,90.65,5,5,Ha,Sirg‘ali,95
Yangi qurilgan uylar,3,108,9,10,Yoʻq,Yunusobod,135
Yangi qurilgan uylar,2,66.49,7,12,Yoʻq,Shayxontohur,90
Ikkilamchi bozor,4,98,4,9,Ha,Sirg‘ali,85
Yangi qurilgan uylar,3,210,3,8,Ha,Mirzo-Ulug‘bek,358
Ikkilamchi bozor,2,61,2,4,Yoʻq,Chilonzor,73
Yangi qurilgan uylar,2,52.40,6,8,Yoʻq,Yashnobod,28
Yangi qurilgan uylar,2,52,6,12,Yoʻq,Yashnobod,82
Yangi qurilgan uylar,3,93,9,10,Ha,Yakkasaroy,135
Ikkilamchi bozor,2,46,1,5,Yoʻq,Mirzo-Ulug‘bek,57
Yangi qurilgan uylar,2,88,1,3,Yoʻq,Sirg‘ali,48
Yangi qurilgan uylar,2,65,4,12,Ha,Yakkasaroy,160
Ikkilamchi bozor,3,75,2,4,Ha,Chilonzor,78
Ikkilamchi bozor,4,94,4,5,Yoʻq,Mirzo-Ulug‘bek,98
Yangi qurilgan uylar,3,68,9,16,Yoʻq,Yashnobod,34
Yangi qurilgan uylar,2,45,2,3,Ha,Sirg‘ali,38
Ikkilamchi bozor,1,28,1,4,Ha,Chilonzor,46
Yangi qurilgan uylar,4,66,3,5,Ha,Yakkasaroy,120
Yangi qurilgan uylar,2,58,9,9,Yoʻq,Yashnobod,56
Yangi qurilgan uylar,3,85,6,8,Ha,Mirzo-Ulug‘bek,155
Ikkilamchi bozor,4,94,9,9,Ha,Uchtepa,85
Yangi qurilgan uylar,4,136,7,8,Ha,Mirzo-Ulug‘bek,178
Yangi qurilgan uylar,2,44.80,9,11,Yoʻq,Shayxontohur,44
Yangi qurilgan uylar,4,85,10,10,Ha,Mirobod,176
Yangi qurilgan uylar,3,52,3,9,Ha,Yashnobod,74
Ikkilamchi bozor,2,60,9,9,Yoʻq,Sirg‘ali,55
Ikkilamchi bozor,2,48,1,4,Ha,Chilonzor,61
Yangi qurilgan uylar,2,60,13,14,Yoʻq,Yakkasaroy,82
Ikkilamchi bozor,2,51,4,4,Ha,Yunusobod,56
Yangi qurilgan uylar,2,60,13,51,Yoʻq,Shayxontohur,171
Ikkilamchi bozor,3,72,5,9,Ha,Mirobod,131
Yangi qurilgan uylar,2,71,10,14,Yoʻq,Yashnobod,186
Yangi qurilgan uylar,2,67,8,16,Ha,Yunusobod,81
Ikkilamchi bozor,1,28,3,4,Yoʻq,Chilonzor,42
Yangi qurilgan uylar,1,33,8,11,Ha,Mirzo-Ulug‘bek,58
Yangi qurilgan uylar,3,75,13,16,Ha,Mirzo-Ulug‘bek,135
Ikkilamchi bozor,1,42,2,4,Ha,Mirobod,77
Yangi qurilgan uylar,3,115,5,8,Ha,Mirzo-Ulug‘bek,148
Ikkilamchi bozor,3,70,4,4,Yoʻq,Yunusobod,72
Ikkilamchi bozor,7,200,1,4,Yoʻq,Yakkasaroy,190
Yangi qurilgan uylar,2,50,2,12,Ha,Yunusobod,65
Ikkilamchi bozor,3,65,5,9,Ha,Mirzo-Ulug‘bek,149
Yangi qurilgan uylar,2,49,11,16,Yoʻq,Yashnobod,77
Yangi qurilgan uylar,3,80,8,10,Ha,Yakkasaroy,180
Yangi qurilgan uylar,2,50,4,7,Yoʻq,Yashnobod,49
Yangi qurilgan uylar,5,186,1,9,Yoʻq,Yunusobod,230
Yangi qurilgan uylar,2,67,8,16,Ha,Yunusobod,85
Yangi qurilgan uylar,6,250,9,10,Yoʻq,Yakkasaroy,194
Yangi qurilgan uylar,5,170,8,9,Ha,Yakkasaroy,330
Yangi qurilgan uylar,3,120,7,10,Ha,Yakkasaroy,172
Yangi qurilgan uylar,3,70,2,4,Ha,Yashnobod,62
Ikkilamchi bozor,2,44,1,2,Yoʻq,Mirobod,33
Ikkilamchi bozor,4,94,3,7,Yoʻq,Sirg‘ali,77
Yangi qurilgan uylar,3,84,1,25,Yoʻq,Mirzo-Ulug‘bek,85
Yangi qurilgan uylar,3,90,9,10,Ha,Yakkasaroy,107
Yangi qurilgan uylar,3,62,6,16,Yoʻq,Mirobod,115
Yangi qurilgan uylar,3,86,7,8,Ha,Mirzo-Ulug‘bek,157
Yangi qurilgan uylar,3,80,8,10,Ha,Yunusobod,147
Ikkilamchi bozor,3,63,3,5,Yoʻq,Yashnobod,55
Ikkilamchi bozor,3,93,4,9,Ha,Yunusobod,88
Yangi qurilgan uylar,2,90,10,10,Ha,Yashnobod,130
Yangi qurilgan uylar,3,100,3,13,Ha,Yunusobod,170
Yangi qurilgan uylar,2,60,4,9,Ha,Yashnobod,89
Yangi qurilgan uylar,2,55,6,10,Ha,Mirzo-Ulug‘bek,70
Ikkilamchi bozor,3,65,1,4,Ha,Chilonzor,83
Ikkilamchi bozor,4,210,7,9,Ha,Shayxontohur,1
Yangi qurilgan uylar,3,59.07,2,2,Yoʻq,Sirg‘ali,45
Ikkilamchi bozor,3,75,6,9,Ha,Olmazor,96
Ikkilamchi bozor,3,72,5,9,Yoʻq,Sirg‘ali,70
Ikkilamchi bozor,2,43,9,9,Yoʻq,Yunusobod,35
Yangi qurilgan uylar,3,70,7,7,Ha,Shayxontohur,228
Yangi qurilgan uylar,3,210,3,8,Ha,Mirzo-Ulug‘bek,358
Ikkilamchi bozor,1,40,2,5,Ha,Mirzo-Ulug‘bek,62
Yangi qurilgan uylar,2,60,5,8,Ha,Yashnobod,117
Yangi qurilgan uylar,3,65,5,9,Ha,Yashnobod,88
Yangi qurilgan uylar,1,33,3,6,Yoʻq,Yashnobod,35
Yangi qurilgan uylar,3,72,2,9,Ha,Mirzo-Ulug‘bek,128
Ikkilamchi bozor,2,70,7,9,Ha,Shayxontohur,240
Yangi qurilgan uylar,2,37.20,7,9,Ha,Mirobod,68
Ikkilamchi bozor,3,78,2,4,Ha,Chilonzor,95
Yangi qurilgan uylar,3,87,4,12,Yoʻq,Shayxontohur,120
Ikkilamchi bozor,3,70,4,4,Yoʻq,Olmazor,65
Ikkilamchi bozor,2,63,6,9,Ha,Mirzo-Ulug‘bek,105
Yangi qurilgan uylar,3,84,3,10,Ha,Yunusobod,180
Yangi qurilgan uylar,4,140,6,7,Ha,Yunusobod,180
Ikkilamchi bozor,4,110,5,7,Ha,Shayxontohur,500
Yangi qurilgan uylar,2,44,14,15,Ha,Mirzo-Ulug‘bek,85
Ikkilamchi bozor,3,57.24,4,5,Ha,Yashnobod,67
Yangi qurilgan uylar,4,110,6,7,Ha,Mirzo-Ulug‘bek,155
Yangi qurilgan uylar,4,130,8,8,Ha,Yunusobod,180
Yangi qurilgan uylar,2,60,10,14,Ha,Yakkasaroy,97
Yangi qurilgan uylar,2,138,1,12,Yoʻq,Yakkasaroy,111
Yangi qurilgan uylar,3,79,8,10,Yoʻq,Yakkasaroy,73
Ikkilamchi bozor,2,60,1,4,Yoʻq,Mirzo-Ulug‘bek,65
Ikkilamchi bozor,2,48,3,4,Yoʻq,Mirobod,55
Ikkilamchi bozor,3,70,1,9,Yoʻq,Yashnobod,58
Yangi qurilgan uylar,2,65,2,7,Yoʻq,Sirg‘ali,75
Yangi qurilgan uylar,3,83,9,10,Ha,Mirobod,135
Ikkilamchi bozor,3,78,5,5,Yoʻq,Sirg‘ali,56
Yangi qurilgan uylar,4,102.40,7,9,Yoʻq,Mirzo-Ulug‘bek,120
Yangi qurilgan uylar,4,105,9,10,Yoʻq,Shayxontohur,90
Yangi qurilgan uylar,2,40,1,9,Yoʻq,Yashnobod,45
Yangi qurilgan uylar,3,70,9,10,Ha,Yashnobod,117
Yangi qurilgan uylar,2,53,9,16,Ha,Yakkasaroy,95
Ikkilamchi bozor,2,46,3,4,Yoʻq,Chilonzor,58
Yangi qurilgan uylar,3,83.50,3,7,Ha,Shayxontohur,310
Yangi qurilgan uylar,1,38,9,27,Ha,Shayxontohur,117
Ikkilamchi bozor,2,48,4,4,Ha,Uchtepa,60
Yangi qurilgan uylar,2,60,6,8,Ha,Yakkasaroy,113
Yangi qurilgan uylar,4,115,4,5,Ha,Mirobod,170
Ikkilamchi bozor,4,140,2,4,Ha,Mirzo-Ulug‘bek,285
Yangi qurilgan uylar,4,96,7,8,Ha,Yashnobod,85
Ikkilamchi bozor,2,56,1,4,Yoʻq,Shayxontohur,70
Yangi qurilgan uylar,3,70,4,8,Ha,Yakkasaroy,128
Ikkilamchi bozor,3,64,2,5,Yoʻq,Yakkasaroy,75
Yangi qurilgan uylar,4,150,16,16,Ha,Yakkasaroy,179
Yangi qurilgan uylar,3,56,13,16,Yoʻq,Mirobod,85
Yangi qurilgan uylar,3,81,8,8,Yoʻq,Yunusobod,64
Ikkilamchi bozor,1,38,2,4,Ha,Mirobod,83
Yangi qurilgan uylar,3,120,7,10,Ha,Yakkasaroy,175
Yangi qurilgan uylar,1,54.20,1,5,Yoʻq,Mirzo-Ulug‘bek,1
Yangi qurilgan uylar,4,129,8,8,Yoʻq,Mirzo-Ulug‘bek,150
Yangi qurilgan uylar,4,100,6,7,Ha,Mirobod,120
Ikkilamchi bozor,3,75,3,9,Ha,Mirobod,115
Yangi qurilgan uylar,1,38.70,7,8,Yoʻq,Yashnobod,21
Yangi qurilgan uylar,3,70,2,6,Yoʻq,Yashnobod,67
Yangi qurilgan uylar,3,75,3,9,Ha,Yashnobod,96
Ikkilamchi bozor,2,63,4,9,Yoʻq,Yunusobod,67
Yangi qurilgan uylar,2,47,1,5,Ha,Mirobod,80
Yangi qurilgan uylar,3,96,5,8,Yoʻq,Mirzo-Ulug‘bek,133
Yangi qurilgan uylar,1,47,8,16,Ha,Yashnobod,163
Yangi qurilgan uylar,3,181,8,9,Yoʻq,Mirobod,265
Ikkilamchi bozor,4,112,5,5,Ha,Yakkasaroy,93
Ikkilamchi bozor,3,72,4,4,Ha,Yunusobod,86
Ikkilamchi bozor,3,65,1,4,Ha,Chilonzor,77
Yangi qurilgan uylar,1,29,9,16,Yoʻq,Mirobod,42
Yangi qurilgan uylar,2,55,9,12,Yoʻq,Shayxontohur,77
Ikkilamchi bozor,2,47,4,4,Ha,Chilonzor,54
Ikkilamchi bozor,3,69,5,5,Ha,Mirzo-Ulug‘bek,75
Yangi qurilgan uylar,2,73,5,8,Ha,Olmazor,100
Ikkilamchi bozor,2,38,2,4,Yoʻq,Mirzo-Ulug‘bek,50
Yangi qurilgan uylar,3,73,3,10,Ha,Yashnobod,108
Ikkilamchi bozor,1,42,1,4,Yoʻq,Olmazor,53
Ikkilamchi bozor,5,100,8,9,Ha,Mirzo-Ulug‘bek,176
Yangi qurilgan uylar,4,105,6,10,Yoʻq,Yunusobod,105
Yangi qurilgan uylar,2,58.02,8,10,Ha,Yakkasaroy,94
Ikkilamchi bozor,1,30,2,4,Ha,Chilonzor,642
Yangi qurilgan uylar,3,134,7,11,Yoʻq,Mirzo-Ulug‘bek,102
Yangi qurilgan uylar,2,56,9,10,Yoʻq,Mirzo-Ulug‘bek,90
Ikkilamchi bozor,2,65,1,2,Yoʻq,Sirg‘ali,49
Yangi qurilgan uylar,2,54,9,10,Ha,Yakkasaroy,64
Ikkilamchi bozor,3,63,2,4,Ha,Yashnobod,956
Yangi qurilgan uylar,4,110,10,10,Yoʻq,Yunusobod,155
Ikkilamchi bozor,2,50,2,5,Ha,Chilonzor,60
Yangi qurilgan uylar,3,96,5,8,Yoʻq,Mirzo-Ulug‘bek,132
Yangi qurilgan uylar,1,28,2,14,Ha,Yashnobod,50
Yangi qurilgan uylar,3,97,5,9,Ha,Yunusobod,194
Ikkilamchi bozor,2,65,8,9,Yoʻq,Chilonzor,52
Ikkilamchi bozor,2,48,2,4,Ha,Chilonzor,63
Yangi qurilgan uylar,2,47,4,14,Ha,Yashnobod,155
Yangi qurilgan uylar,3,72,7,16,Yoʻq,Mirobod,2
Ikkilamchi bozor,2,62,4,9,Yoʻq,Yunusobod,87
Yangi qurilgan uylar,3,79,8,10,Yoʻq,Yakkasaroy,71
Ikkilamchi bozor,3,85,3,9,Yoʻq,Sirg‘ali,75
Yangi qurilgan uylar,2,52,6,9,Ha,Olmazor,69
Yangi qurilgan uylar,2,48,14,27,Ha,Shayxontohur,136
Yangi qurilgan uylar,2,40,7,10,Ha,Yunusobod,103
Yangi qurilgan uylar,1,29,8,16,Yoʻq,Mirobod,42
Ikkilamchi bozor,5,130,9,9,Yoʻq,Sirg‘ali,69
Yangi qurilgan uylar,2,58.30,7,7,Yoʻq,Mirobod,45
Yangi qurilgan uylar,3,83,10,10,Ha,Yunusobod,178
Ikkilamchi bozor,4,93,1,5,Yoʻq,Sirg‘ali,115
Yangi qurilgan uylar,2,37,10,16,Yoʻq,Mirobod,43
Yangi qurilgan uylar,2,54,8,11,Ha,Yunusobod,66
Yangi qurilgan uylar,2,59,3,8,Yoʻq,Yashnobod,62
Yangi qurilgan uylar,2,70,4,16,Yoʻq,Yashnobod,175
Yangi qurilgan uylar,2,54,5,7,Ha,Shayxontohur,179
Yangi qurilgan uylar,2,58.10,2,13,Yoʻq,Mirzo-Ulug‘bek,1
Yangi qurilgan uylar,3,81,1,8,Yoʻq,Mirzo-Ulug‘bek,90
Yangi qurilgan uylar,2,55,7,12,Yoʻq,Yakkasaroy,115
Yangi qurilgan uylar,2,52,5,9,Yoʻq,Yashnobod,77
Yangi qurilgan uylar,3,62,7,9,Ha,Mirzo-Ulug‘bek,95
Yangi qurilgan uylar,5,140,7,8,Ha,Shayxontohur,155
Ikkilamchi bozor,2,42,1,4,Ha,Chilonzor,56
Yangi qurilgan uylar,1,44.30,2,12,Yoʻq,Mirzo-Ulug‘bek,56
Ikkilamchi bozor,2,61,9,9,Yoʻq,Shayxontohur,82
Yangi qurilgan uylar,3,95,11,12,Yoʻq,Yunusobod,97
Yangi qurilgan uylar,4,100,7,9,Ha,Shayxontohur,120
Yangi qurilgan uylar,3,66.50,7,8,Ha,Yashnobod,65
Yangi qurilgan uylar,2,30,7,14,Ha,Yakkasaroy,65
Yangi qurilgan uylar,3,82,6,7,Yoʻq,Sirg‘ali,67
Yangi qurilgan uylar,3,205,1,7,Ha,Yakkasaroy,147
Ikkilamchi bozor,3,65,4,5,Yoʻq,Uchtepa,79
Ikkilamchi bozor,2,50,2,4,Yoʻq,Mirzo-Ulug‘bek,53
Ikkilamchi bozor,3,70,5,5,Yoʻq,Chilonzor,58
Yangi qurilgan uylar,2,43,5,14,Ha,Mirobod,160
Ikkilamchi bozor,1,28,8,17,Ha,Yakkasaroy,55
Yangi qurilgan uylar,3,84,8,8,Yoʻq,Yunusobod,65
Ikkilamchi bozor,3,70,4,4,Ha,Yashnobod,924
Yangi qurilgan uylar,3,114,5,6,Yoʻq,Yunusobod,160
Yangi qurilgan uylar,3,110,3,8,Ha,Yunusobod,215
Yangi qurilgan uylar,1,37.70,5,8,Yoʻq,Yashnobod,20
Ikkilamchi bozor,3,70,4,4,Ha,Mirzo-Ulug‘bek,84
Yangi qurilgan uylar,2,82,7,12,Yoʻq,Yakkasaroy,86
Yangi qurilgan uylar,2,62,8,13,Yoʻq,Yakkasaroy,65
Ikkilamchi bozor,1,36,3,4,Ha,Chilonzor,59
Yangi qurilgan uylar,2,59,11,51,Yoʻq,Shayxontohur,167
Ikkilamchi bozor,2,58,9,9,Ha,Mirobod,120
Yangi qurilgan uylar,4,123,6,10,Yoʻq,Yunusobod,179
Yangi qurilgan uylar,2,60,2,7,Ha,Shayxontohur,56
Ikkilamchi bozor,4,94,6,9,Yoʻq,Sirg‘ali,80
Yangi qurilgan uylar,3,105,9,10,Ha,Yakkasaroy,107
Yangi qurilgan uylar,4,98,5,8,Ha,Yunusobod,300
Ikkilamchi bozor,2,50,5,5,Yoʻq,Yakkasaroy,60
Yangi qurilgan uylar,2,45,5,11,Ha,Yakkasaroy,87
Yangi qurilgan uylar,2,50,8,9,Ha,Yashnobod,71
Yangi qurilgan uylar,4,132,7,10,Yoʻq,Yakkasaroy,1
Yangi qurilgan uylar,2,50,5,12,Yoʻq,Mirzo-Ulug‘bek,83
Yangi qurilgan uylar,3,85,8,12,Yoʻq,Yunusobod,100
Ikkilamchi bozor,3,75,2,4,Ha,Shayxontohur,120
Ikkilamchi bozor,2,60,4,5,Ha,Mirobod,180
Ikkilamchi bozor,4,107,4,9,Ha,Yashnobod,155
Yangi qurilgan uylar,2,50,1,12,Ha,Sirg‘ali,53
Yangi qurilgan uylar,1,49,5,13,Yoʻq,Mirzo-Ulug‘bek,67
Yangi qurilgan uylar,5,204,9,10,Yoʻq,Yashnobod,115
Yangi qurilgan uylar,2,55,4,7,Ha,Sirg‘ali,57
Yangi qurilgan uylar,5,140,9,10,Yoʻq,Yunusobod,107
Ikkilamchi bozor,2,51,3,5,Ha,Yashnobod,53
Ikkilamchi bozor,2,63,3,9,Yoʻq,Sirg‘ali,56
Yangi qurilgan uylar,1,31.65,8,12,Ha,Yakkasaroy,59
Ikkilamchi bozor,2,50,4,4,Ha,Yunusobod,60
Ikkilamchi bozor,3,75,4,9,Ha,Sirg‘ali,95
Ikkilamchi bozor,2,38,5,5,Ha,Yashnobod,44
Ikkilamchi bozor,4,80,6,14,Yoʻq,Sirg‘ali,76
Ikkilamchi bozor,2,45,2,4,Ha,Chilonzor,62
Ikkilamchi bozor,2,50,1,4,Ha,Chilonzor,60
Ikkilamchi bozor,2,40,2,5,Ha,Mirzo-Ulug‘bek,69
Yangi qurilgan uylar,3,92,4,10,Ha,Yakkasaroy,140
Ikkilamchi bozor,4,74,6,9,Ha,Sirg‘ali,77
Ikkilamchi bozor,2,65,3,4,Ha,Mirobod,86
Yangi qurilgan uylar,2,75.23,9,9,Yoʻq,Yunusobod,67
Yangi qurilgan uylar,3,70,4,4,Ha,Yunusobod,127
Yangi qurilgan uylar,1,30,1,1,Yoʻq,Sirg‘ali,29
Ikkilamchi bozor,3,75,5,5,Ha,Mirzo-Ulug‘bek,65
Yangi qurilgan uylar,3,75,5,9,Ha,Yashnobod,102
Yangi qurilgan uylar,2,60,6,9,Ha,Yakkasaroy,113
Yangi qurilgan uylar,2,55,6,11,Ha,Yashnobod,76
Yangi qurilgan uylar,3,73,3,9,Ha,Mirobod,150
Yangi qurilgan uylar,2,67,8,16,Yoʻq,Sirg‘ali,53
Yangi qurilgan uylar,3,210,3,8,Ha,Mirzo-Ulug‘bek,320
Ikkilamchi bozor,2,71,6,9,Yoʻq,Sirg‘ali,60
Yangi qurilgan uylar,1,33,4,5,Ha,Sirg‘ali,32
Yangi qurilgan uylar,2,52.02,5,9,Yoʻq,Yashnobod,77
Ikkilamchi bozor,2,37.57,4,4,Ha,Mirzo-Ulug‘bek,55
Ikkilamchi bozor,4,92,2,4,Ha,Chilonzor,125
Ikkilamchi bozor,2,49,4,5,Yoʻq,Chilonzor,62
Ikkilamchi bozor,4,87,3,4,Ha,Yunusobod,120
Ikkilamchi bozor,3,89.76,3,5,Ha,Sirg‘ali,70
Yangi qurilgan uylar,5,61.43,10,11,Ha,Yakkasaroy,90
Yangi qurilgan uylar,2,57,3,12,Yoʻq,Mirobod,159
Yangi qurilgan uylar,4,157,6,8,Yoʻq,Mirobod,290
Yangi qurilgan uylar,2,52.40,6,8,Yoʻq,Yashnobod,28
Ikkilamchi bozor,3,77,2,5,Ha,Yashnobod,105
Ikkilamchi bozor,3,54,1,4,Ha,Chilonzor,58
Yangi qurilgan uylar,4,162,7,8,Ha,Yakkasaroy,241
Yangi qurilgan uylar,2,70,23,49,Yoʻq,Yakkasaroy,205
Yangi qurilgan uylar,2,65,8,8,Yoʻq,Bektemir,42
Ikkilamchi bozor,4,94,6,9,Ha,Sirg‘ali,77
Yangi qurilgan uylar,2,55,3,7,Yoʻq,Sirg‘ali,55
Ikkilamchi bozor,1,43,2,4,Yoʻq,Yunusobod,48
Ikkilamchi bozor,2,58,3,4,Yoʻq,Yunusobod,65
Yangi qurilgan uylar,3,117,4,25,Yoʻq,Mirzo-Ulug‘bek,155
Ikkilamchi bozor,2,76,7,9,Ha,Yunusobod,65
Yangi qurilgan uylar,3,114,5,6,Yoʻq,Yunusobod,159
Yangi qurilgan uylar,1,32.98,4,8,Yoʻq,Sirg‘ali,28
Ikkilamchi bozor,3,65,3,4,Ha,Chilonzor,73
Yangi qurilgan uylar,3,75,3,16,Ha,Mirobod,120
Ikkilamchi bozor,4,92,5,5,Yoʻq,Yunusobod,69
Yangi qurilgan uylar,3,71,1,16,Yoʻq,Yashnobod,43
Ikkilamchi bozor,1,30,3,4,Ha,Chilonzor,56
Ikkilamchi bozor,3,72,2,4,Ha,Yakkasaroy,118
Yangi qurilgan uylar,3,85,3,10,Ha,Yunusobod,180
Ikkilamchi bozor,2,60,1,5,Yoʻq,Mirzo-Ulug‘bek,66
Yangi qurilgan uylar,2,38,7,9,Ha,Yashnobod,51
Ikkilamchi bozor,4,185,3,7,Yoʻq,Mirobod,450
Yangi qurilgan uylar,3,83,4,8,Ha,Yashnobod,68
Ikkilamchi bozor,2,54,1,5,Ha,Mirzo-Ulug‘bek,68
Yangi qurilgan uylar,3,85,10,10,Ha,Mirobod,188
Yangi qurilgan uylar,1,32,5,7,Ha,Mirzo-Ulug‘bek,42
Ikkilamchi bozor,3,78,7,9,Yoʻq,Chilonzor,84
Yangi qurilgan uylar,3,78,3,12,Ha,Yakkasaroy,125
Ikkilamchi bozor,2,60,3,9,Ha,Yunusobod,78
Ikkilamchi bozor,1,36,4,4,Ha,Yashnobod,41
Ikkilamchi bozor,2,50,2,4,Yoʻq,Chilonzor,67
Yangi qurilgan uylar,2,70,6,6,Ha,Mirobod,260
Yangi qurilgan uylar,3,82.72,14,16,Yoʻq,Yashnobod,86
Ikkilamchi bozor,1,42,3,4,Ha,Chilonzor,50
Ikkilamchi bozor,4,93,8,9,Yoʻq,Sirg‘ali,66
Yangi qurilgan uylar,3,106,9,10,Ha,Yakkasaroy,107
Ikkilamchi bozor,3,75,1,4,Yoʻq,Chilonzor,230
Yangi qurilgan uylar,2,42,1,6,Yoʻq,Yashnobod,37
Yangi qurilgan uylar,1,29,7,12,Ha,Shayxontohur,60
Yangi qurilgan uylar,1,38,9,27,Ha,Shayxontohur,117
Ikkilamchi bozor,2,50,4,4,Ha,Uchtepa,47
Yangi qurilgan uylar,2,55,2,9,Ha,Yakkasaroy,87
Ikkilamchi bozor,2,61.43,7,9,Ha,Yunusobod,65
Yangi qurilgan uylar,2,64,4,6,Ha,Yakkasaroy,95
Ikkilamchi bozor,2,70,11,12,Ha,Uchtepa,53
Yangi qurilgan uylar,2,53,5,5,Ha,Yashnobod,73
Ikkilamchi bozor,2,62,1,4,Yoʻq,Chilonzor,65
Ikkilamchi bozor,3,71.10,3,3,Ha,Sirg‘ali,63
Yangi qurilgan uylar,3,184,6,8,Ha,Yakkasaroy,280
Yangi qurilgan uylar,2,67,6,9,Yoʻq,Yashnobod,79
Yangi qurilgan uylar,4,104,2,5,Ha,Shayxontohur,160
Yangi qurilgan uylar,2,82,7,12,Yoʻq,Yakkasaroy,86
Yangi qurilgan uylar,2,52,16,16,Yoʻq,Sirg‘ali,44
Yangi qurilgan uylar,1,38,8,9,Yoʻq,Yashnobod,56
Yangi qurilgan uylar,2,84,4,8,Ha,Yunusobod,110
Ikkilamchi bozor,2,61,4,9,Ha,Mirzo-Ulug‘bek,89
Yangi qurilgan uylar,3,73,2,9,Ha,Sirg‘ali,59
Ikkilamchi bozor,4,93,4,5,Ha,Mirzo-Ulug‘bek,115
Ikkilamchi bozor,2,53,5,5,Yoʻq,Uchtepa,49
Yangi qurilgan uylar,5,270,7,8,Yoʻq,Mirobod,400
Ikkilamchi bozor,2,45,3,4,Ha,Mirzo-Ulug‘bek,30
Ikkilamchi bozor,3,63,3,1,Ha,Yashnobod,51
Ikkilamchi bozor,3,69,3,4,Yoʻq,Yunusobod,135
Ikkilamchi bozor,2,48,3,4,Ha,Chilonzor,62
Yangi qurilgan uylar,2,48,10,27,Ha,Shayxontohur,150
Yangi qurilgan uylar,2,80,4,11,Yoʻq,Mirzo-Ulug‘bek,78
Ikkilamchi bozor,1,33,2,4,Ha,Chilonzor,56
Yangi qurilgan uylar,3,85,2,8,Ha,Mirzo-Ulug‘bek,155
Ikkilamchi bozor,2,60,9,9,Yoʻq,Shayxontohur,75
Ikkilamchi bozor,3,64,3,4,Yoʻq,Yashnobod,62
Yangi qurilgan uylar,2,69,2,9,Ha,Yakkasaroy,95
Ikkilamchi bozor,2,58,8,9,Yoʻq,Chilonzor,55
Ikkilamchi bozor,2,60,2,4,Ha,Mirzo-Ulug‘bek,124
Ikkilamchi bozor,1,33,4,4,Yoʻq,Mirzo-Ulug‘bek,40
Ikkilamchi bozor,2,52,4,4,Ha,Chilonzor,85
Ikkilamchi bozor,2,52,8,9,Yoʻq,Yashnobod,48
Yangi qurilgan uylar,3,97,9,11,Yoʻq,Yunusobod,185
Yangi qurilgan uylar,3,98.60,1,6,Yoʻq,Mirzo-Ulug‘bek,110
Yangi qurilgan uylar,3,83,10,10,Ha,Mirzo-Ulug‘bek,180
Ikkilamchi bozor,2,67,7,9,Ha,Yashnobod,64
Yangi qurilgan uylar,2,47,8,9,Yoʻq,Yakkasaroy,48
Ikkilamchi bozor,2,55,2,4,Ha,Olmazor,58
Yangi qurilgan uylar,1,40,2,10,Yoʻq,Sirg‘ali,8
Yangi qurilgan uylar,1,41,10,12,Yoʻq,Mirzo-Ulug‘bek,82
Ikkilamchi bozor,2,40,2,5,Ha,Mirzo-Ulug‘bek,69
Ikkilamchi bozor,3,45,4,4,Ha,Chilonzor,55
Ikkilamchi bozor,2,46,1,4,Ha,Chilonzor,80
Yangi qurilgan uylar,1,28,3,14,Yoʻq,Yashnobod,19
Ikkilamchi bozor,3,68,4,4,Ha,Chilonzor,64
